-- Adminer 4.8.1 PostgreSQL 16.1 dump

DROP TABLE IF EXISTS "Account";
CREATE TABLE "public"."Account" (
    "id" text NOT NULL,
    "userId" text NOT NULL,
    "type" text NOT NULL,
    "provider" text NOT NULL,
    "providerAccountId" text NOT NULL,
    "refresh_token" text,
    "access_token" text,
    "expires_at" integer,
    "token_type" text,
    "scope" text,
    "id_token" text,
    "session_state" text,
    CONSTRAINT "Account_pkey" PRIMARY KEY ("id"),
    CONSTRAINT "Account_provider_providerAccountId_key" UNIQUE ("provider", "providerAccountId")
) WITH (oids = false);


DROP TABLE IF EXISTS "Client";
CREATE TABLE "public"."Client" (
    "id" text NOT NULL,
    "ref" text NOT NULL,
    "name" text NOT NULL,
    "email" text NOT NULL,
    "phone" text,
    "address" text NOT NULL,
    "siren" text,
    "ape" text,
    "nif" text,
    "createdAt" timestamp(3) DEFAULT CURRENT_TIMESTAMP NOT NULL,
    "updatedAt" timestamp(3),
    "ownerId" text NOT NULL,
    CONSTRAINT "Client_pkey" PRIMARY KEY ("id"),
    CONSTRAINT "Client_ref_ownerId_key" UNIQUE ("ref", "ownerId")
) WITH (oids = false);

INSERT INTO "Client" ("id", "ref", "name", "email", "phone", "address", "siren", "ape", "nif", "createdAt", "updatedAt", "ownerId") VALUES
('clr6s182c0007yjjncpt7q63e',	'C1',	'Somali0',	'Carlie@yopmail.fr',	'(535) 897-3793 x82159',	'congregatio dignissimos',	'L',	'38132',	'p',	'2024-01-18 20:00:52.5',	'2024-05-11 15:29:58.851',	'iztvu9ziqfcozg14gmpskwwk'),
('clr6s36dw0009yjjnd8emnydt',	'C2',	'American Wirehair1',	'Diana@yopmail.fr',	'(540) 690-9121 x288',	'supellex vereor',	'B',	'93332',	'c',	'2024-01-03 20:02:23.637',	'2024-05-27 15:29:58.854',	'iztvu9ziqfcozg14gmpskwwk'),
('clr6s48jf000byjjn80qd3nb8',	'C3',	'Munchkin2',	'Heath@yopmail.fr',	'(413) 808-0575 x19676',	'concido velit',	'n',	'69562',	'B',	'2024-01-08 20:03:13.083',	'2024-05-10 15:29:58.856',	'iztvu9ziqfcozg14gmpskwwk'),
('clt2ji10w000gnt2hclhp3ci0',	'C1',	'Sokoke3',	'Janie@yopmail.fr',	'1-898-605-4934 x506',	'abbas abutor',	'n',	'69761',	'q',	'2024-02-28 06:10:19.951',	'2024-05-05 15:29:58.858',	'clldntrsd00003l5xw4sfzzln'),
('clt9wsd2j0038o62l3psayo5l',	'C1',	'Minskin4',	'Claire@yopmail.fr',	'463-960-3979 x70107',	'speciosus cibus',	'O',	'9583',	'E',	'2024-03-23 09:56:40.363',	'2024-05-17 15:29:58.861',	'clt4qroku0005o62llzjbwh8v');

DROP TABLE IF EXISTS "Finance";
CREATE TABLE "public"."Finance" (
    "id" text NOT NULL,
    "label" text NOT NULL,
    "amount" numeric(10,2) NOT NULL,
    "type" text NOT NULL,
    "userId" text,
    "createdAt" timestamp(3) DEFAULT CURRENT_TIMESTAMP NOT NULL,
    "updatedAt" timestamp(3),
    CONSTRAINT "Finance_pkey" PRIMARY KEY ("id")
) WITH (oids = false);

INSERT INTO "Finance" ("id", "label", "amount", "type", "userId", "createdAt", "updatedAt") VALUES
('j7gvrulggoczahlqmy6tgd1e',	'gumshoe',	1403.00,	'depense',	'iztvu9ziqfcozg14gmpskwwk',	'2022-12-20 21:00:00',	'2024-05-15 15:29:57.964'),
('v69268ri5wm6po76dn7nu29e',	'cannon',	1001.00,	'depense',	'iztvu9ziqfcozg14gmpskwwk',	'2022-12-19 21:00:00',	'2024-05-17 15:29:57.967'),
('zwo93c45il4acfaakd0wx1ut',	'emphasis',	1247.00,	'depense',	'iztvu9ziqfcozg14gmpskwwk',	'2022-12-04 21:00:00',	'2024-05-18 15:29:57.97'),
('vvl43rg4g9tl3r4oxlqjpycw',	'toothbrush',	1023.00,	'depense',	'iztvu9ziqfcozg14gmpskwwk',	'2022-12-18 21:00:00',	'2024-05-21 15:29:57.973'),
('r86zwqa50680kxosuaqxd0el',	'oxford',	1290.00,	'depense',	'iztvu9ziqfcozg14gmpskwwk',	'2022-12-24 21:00:00',	'2024-05-18 15:29:57.976'),
('kw1tyajvcwihcqw6ju26402z',	'shallot',	1371.00,	'depense',	'iztvu9ziqfcozg14gmpskwwk',	'2022-12-28 21:00:00',	'2024-05-25 15:29:57.978'),
('hfgwz9wnzhx5w1ifdbud6trp',	'harm',	1005.00,	'depense',	'iztvu9ziqfcozg14gmpskwwk',	'2022-12-21 21:00:00',	'2024-05-27 15:29:57.981'),
('ooetvipxqqu4bhebkbutljm8',	'death',	1450.00,	'depense',	'iztvu9ziqfcozg14gmpskwwk',	'2023-01-02 21:00:00',	'2024-05-27 15:29:57.983'),
('x16waxuklm259udh80jlzsm7',	'jockey',	5537.00,	'revenue',	'iztvu9ziqfcozg14gmpskwwk',	'2023-01-11 21:00:00',	'2024-05-02 15:29:57.985'),
('o7ay5mu7f0hoiyyah5qtqqmc',	'heroine',	4548.00,	'revenue',	'iztvu9ziqfcozg14gmpskwwk',	'2023-01-23 21:00:00',	'2024-05-18 15:29:57.987'),
('wceyqt3d7bp7eme9tr1leshz',	'chauvinist',	1166.00,	'depense',	'iztvu9ziqfcozg14gmpskwwk',	'2023-01-10 21:00:00',	'2024-05-22 15:29:57.989'),
('a6v20n8v7y29ryhdcp80etjb',	'calibre',	1335.00,	'depense',	'iztvu9ziqfcozg14gmpskwwk',	'2023-01-09 21:00:00',	'2024-05-23 15:29:57.991'),
('i0k49zcawzguqxkuiey755dq',	'dogsled',	1290.00,	'depense',	'iztvu9ziqfcozg14gmpskwwk',	'2023-01-06 21:00:00',	'2024-05-01 15:29:57.993'),
('ub2eeoywsh51sn8dabj0nny9',	'pest',	1037.00,	'depense',	'iztvu9ziqfcozg14gmpskwwk',	'2023-01-21 21:00:00',	'2024-05-06 15:29:57.995'),
('pkgljcnei76sa0s5wmdfr0vf',	'shoreline',	1486.00,	'depense',	'iztvu9ziqfcozg14gmpskwwk',	'2023-02-07 21:00:00',	'2024-05-08 15:29:57.997'),
('h44kmuqsgbaxk6sej23i3ihq',	'weeder',	1260.00,	'depense',	'iztvu9ziqfcozg14gmpskwwk',	'2023-02-21 21:00:00',	'2024-05-01 15:29:57.999'),
('oabvdp77zvcy4jwfgafpnn5z',	'sandal',	1173.00,	'depense',	'iztvu9ziqfcozg14gmpskwwk',	'2023-02-26 21:00:00',	'2024-05-08 15:29:58.001'),
('rttousn9xjq31m1eo9zhbuvi',	'publishing',	1139.00,	'depense',	'iztvu9ziqfcozg14gmpskwwk',	'2023-02-22 21:00:00',	'2024-05-11 15:29:58.003'),
('e4evjyodrpvcxw7bma1i4375',	'object',	1315.00,	'depense',	'iztvu9ziqfcozg14gmpskwwk',	'2023-02-26 21:00:00',	'2024-05-11 15:29:58.005'),
('gumzzhgjno0qiy98np7qmp6k',	'scarification',	1438.00,	'depense',	'iztvu9ziqfcozg14gmpskwwk',	'2023-02-21 21:00:00',	'2024-05-25 15:29:58.007'),
('zjo7cfc5g7f43i8do0net71f',	'temperature',	1055.00,	'depense',	'iztvu9ziqfcozg14gmpskwwk',	'2023-02-20 21:00:00',	'2024-05-23 15:29:58.009'),
('jrpkokuuaavlqm843go9wvqb',	'currant',	1442.00,	'depense',	'iztvu9ziqfcozg14gmpskwwk',	'2023-02-15 21:00:00',	'2024-05-28 15:29:58.011'),
('juj50lb75vmqjnsjoia6joz4',	'suburb',	8731.00,	'revenue',	'iztvu9ziqfcozg14gmpskwwk',	'2023-02-18 21:00:00',	'2024-05-03 15:29:58.013'),
('q438eu7x3jumrrlfldpq3pv3',	'brushfire',	1211.00,	'depense',	'iztvu9ziqfcozg14gmpskwwk',	'2023-03-27 21:00:00',	'2024-05-06 15:29:58.015'),
('r0i7i8wq3ah3bfpsie2b1lqd',	'process',	1321.00,	'depense',	'iztvu9ziqfcozg14gmpskwwk',	'2023-03-02 21:00:00',	'2024-05-11 15:29:58.017'),
('ws9eeuxpx7hr0bcol9de1lnh',	'minnow',	1065.00,	'depense',	'iztvu9ziqfcozg14gmpskwwk',	'2023-03-05 21:00:00',	'2024-05-06 15:29:58.019'),
('r4n8vwua937c3gl3bio96cxf',	'training',	1333.00,	'depense',	'iztvu9ziqfcozg14gmpskwwk',	'2023-03-25 21:00:00',	'2024-05-06 15:29:58.021'),
('gt5m3tkfpbq4kng1hy72bbhl',	'supplier',	1070.00,	'depense',	'iztvu9ziqfcozg14gmpskwwk',	'2023-03-14 21:00:00',	'2024-05-05 15:29:58.023'),
('eeah0g3i3jedds0wpfgl7r1n',	'career',	1234.00,	'depense',	'iztvu9ziqfcozg14gmpskwwk',	'2023-03-19 21:00:00',	'2024-05-10 15:29:58.025'),
('z6w14dxfhq1cj8wkcpmq9wk0',	'chair',	1466.00,	'depense',	'iztvu9ziqfcozg14gmpskwwk',	'2023-04-27 21:00:00',	'2024-05-11 15:29:58.027'),
('d8shes4yva5d8fm4ojcgp32b',	'canteen',	1252.00,	'depense',	'iztvu9ziqfcozg14gmpskwwk',	'2023-04-01 21:00:00',	'2024-05-28 15:29:58.029'),
('mlkhaphro4u4vxi68u0xzeyl',	'acknowledgment',	1238.00,	'depense',	'iztvu9ziqfcozg14gmpskwwk',	'2023-04-03 21:00:00',	'2024-05-25 15:29:58.031'),
('lm067pie1zuc5fb4yqt975yb',	'downtown',	1048.00,	'depense',	'iztvu9ziqfcozg14gmpskwwk',	'2023-04-23 21:00:00',	'2024-05-06 15:29:58.033'),
('wq4bexrtpq8wg3p5h44alu26',	'strength',	1201.00,	'depense',	'iztvu9ziqfcozg14gmpskwwk',	'2023-04-20 21:00:00',	'2024-05-12 15:29:58.035'),
('ovwpahyu60neg0klfxrf1mhk',	'switching',	6420.00,	'revenue',	'iztvu9ziqfcozg14gmpskwwk',	'2023-04-23 21:00:00',	'2024-05-13 15:29:58.037'),
('ebgpvoqnfthttnllp3uncume',	'soul',	1409.00,	'depense',	'iztvu9ziqfcozg14gmpskwwk',	'2023-04-01 21:00:00',	'2024-05-03 15:29:58.04'),
('xx9ijvxhhdvxxs95xpobxmwu',	'glut',	1209.00,	'depense',	'iztvu9ziqfcozg14gmpskwwk',	'2023-04-06 21:00:00',	'2024-05-08 15:29:58.042'),
('rehtuct3pv1vaqas0g9acovi',	'princess',	1359.00,	'depense',	'iztvu9ziqfcozg14gmpskwwk',	'2023-04-21 21:00:00',	'2024-05-10 15:29:58.044'),
('qt03ilkqhiapbbajs91zidqt',	'inventory',	1097.00,	'depense',	'iztvu9ziqfcozg14gmpskwwk',	'2023-04-08 21:00:00',	'2024-05-09 15:29:58.046'),
('fe5rb6xoyul4wmpyx5dwxjn8',	'percent',	1127.00,	'depense',	'iztvu9ziqfcozg14gmpskwwk',	'2023-04-01 21:00:00',	'2024-05-20 15:29:58.048'),
('zn2iyl81qd6u4bosl8qprfhs',	'bracket',	1335.00,	'depense',	'iztvu9ziqfcozg14gmpskwwk',	'2023-04-12 21:00:00',	'2024-05-04 15:29:58.05'),
('jornr243bw6w684xd4bfbzdt',	'vascular',	1202.00,	'depense',	'iztvu9ziqfcozg14gmpskwwk',	'2023-04-21 21:00:00',	'2024-05-03 15:29:58.053'),
('hzj65bf47e20pugubcc7kymi',	'gray',	1340.00,	'depense',	'iztvu9ziqfcozg14gmpskwwk',	'2023-04-23 21:00:00',	'2024-05-12 15:29:58.055'),
('o8az5yp4lmteo12w0y5v5xyd',	'pocket-watch',	1250.00,	'depense',	'iztvu9ziqfcozg14gmpskwwk',	'2023-04-04 21:00:00',	'2024-05-16 15:29:58.057'),
('dpds8t7gkepblh6kzpuru2e8',	'cholesterol',	1035.00,	'depense',	'iztvu9ziqfcozg14gmpskwwk',	'2023-04-08 21:00:00',	'2024-05-05 15:29:58.059'),
('ya3gxfo479qh0o9q725bn0xt',	'lookout',	1428.00,	'depense',	'iztvu9ziqfcozg14gmpskwwk',	'2023-05-02 21:00:00',	'2024-05-06 15:29:58.062'),
('erg4ro7zsmmhisp8clp9mvtl',	'pigsty',	1094.00,	'depense',	'iztvu9ziqfcozg14gmpskwwk',	'2023-05-22 21:00:00',	'2024-05-09 15:29:58.064'),
('radflzcbrs9b0x2kxwa7zje3',	'ridge',	1075.00,	'depense',	'iztvu9ziqfcozg14gmpskwwk',	'2023-05-20 21:00:00',	'2024-05-07 15:29:58.066'),
('ixg7me72h9x4jjdmfg5vdiap',	'moose',	1234.00,	'depense',	'iztvu9ziqfcozg14gmpskwwk',	'2023-05-07 21:00:00',	'2024-05-10 15:29:58.068'),
('a0zl7qop3r2a6r078tghbxzk',	'high',	1221.00,	'depense',	'iztvu9ziqfcozg14gmpskwwk',	'2023-05-15 21:00:00',	'2024-05-13 15:29:58.07'),
('qywz6d5qjryqwjjsiuox26hb',	'thyme',	1328.00,	'depense',	'iztvu9ziqfcozg14gmpskwwk',	'2023-05-23 21:00:00',	'2024-05-05 15:29:58.072'),
('odqkjb0lu8d9qekag344922f',	'wharf',	1120.00,	'depense',	'iztvu9ziqfcozg14gmpskwwk',	'2023-05-15 21:00:00',	'2024-05-13 15:29:58.074'),
('g8xnt45lah9ovq0o8bvt7dqr',	'graphic',	1160.00,	'depense',	'iztvu9ziqfcozg14gmpskwwk',	'2023-06-24 21:00:00',	'2024-05-12 15:29:58.077'),
('kyh154c0bykbnf3ft7sa9hy2',	'temperature',	1353.00,	'depense',	'iztvu9ziqfcozg14gmpskwwk',	'2023-06-02 21:00:00',	'2024-05-15 15:29:58.079'),
('iell0q84gxm2z411yj12ncq9',	'calorie',	1309.00,	'depense',	'iztvu9ziqfcozg14gmpskwwk',	'2023-06-03 21:00:00',	'2024-05-05 15:29:58.081'),
('yjou8bnp9ii577qhf138as7v',	'applewood',	1398.00,	'depense',	'iztvu9ziqfcozg14gmpskwwk',	'2023-06-11 21:00:00',	'2024-05-13 15:29:58.083'),
('veij09t1o1o9fz2iqz6yolc5',	'ruin',	9403.00,	'revenue',	'iztvu9ziqfcozg14gmpskwwk',	'2023-06-02 21:00:00',	'2024-05-09 15:29:58.086'),
('xpswg6pb90efhnre953ct005',	'bump',	5885.00,	'revenue',	'iztvu9ziqfcozg14gmpskwwk',	'2023-05-10 21:00:00',	'2024-05-13 15:29:58.089'),
('s25vw8hadptdpy1731vseu2b',	'anticipation',	8065.00,	'revenue',	'iztvu9ziqfcozg14gmpskwwk',	'2023-04-24 21:00:00',	'2024-05-24 15:29:58.092'),
('o93ohpklehhu42p3u31w5zup',	'lashes',	7253.00,	'revenue',	'iztvu9ziqfcozg14gmpskwwk',	'2023-02-22 21:00:00',	'2024-05-20 15:29:58.095'),
('zqjerarha6ilcnji5z4785s7',	'pressure',	9078.00,	'revenue',	'iztvu9ziqfcozg14gmpskwwk',	'2023-03-23 21:00:00',	'2024-05-18 15:29:58.098'),
('rubm9pmfnn891fxw8uzlbxrt',	'dish',	8431.00,	'revenue',	'iztvu9ziqfcozg14gmpskwwk',	'2023-01-01 21:00:00',	'2024-05-24 15:29:58.1'),
('nbdd7vgfh5tw94d6en1glamt',	'park',	1107.00,	'depense',	'iztvu9ziqfcozg14gmpskwwk',	'2023-06-23 21:00:00',	'2024-05-17 15:29:58.103'),
('l6160etokcpsztue28lut57u',	'restoration',	4429.00,	'revenue',	'iztvu9ziqfcozg14gmpskwwk',	'2022-12-20 21:00:00',	'2024-05-21 15:29:57.958'),
('yhgn16jumsa6rpyeoj71oq40',	'printing',	1125.00,	'depense',	'iztvu9ziqfcozg14gmpskwwk',	'2022-12-04 21:00:00',	'2024-05-27 15:29:57.961'),
('qaz502puv63vn8uw534cymt9',	'software',	4054.00,	'revenue',	'iztvu9ziqfcozg14gmpskwwk',	'2023-06-24 21:00:00',	'2024-05-23 15:29:58.113'),
('h7ohsfs2g4xveasnecqc1lbz',	'palate',	1488.00,	'depense',	'iztvu9ziqfcozg14gmpskwwk',	'2023-06-12 21:00:00',	'2024-05-26 15:29:58.116'),
('i7zqefu5srd5poyrx1jryuo6',	'thermals',	1362.00,	'depense',	'iztvu9ziqfcozg14gmpskwwk',	'2023-06-21 21:00:00',	'2024-05-23 15:29:58.121'),
('m5r09w24a3ggaxu3o8o1a6kt',	'fledgling',	1083.00,	'depense',	'iztvu9ziqfcozg14gmpskwwk',	'2023-06-06 21:00:00',	'2024-05-04 15:29:58.124'),
('vhr77w4jg84p5avpaj5amhbt',	'hexagon',	1380.00,	'depense',	'iztvu9ziqfcozg14gmpskwwk',	'2023-06-12 21:00:00',	'2024-05-24 15:29:58.126'),
('pmv9xgtso3ulkzuh7pjlopqz',	'somewhere',	1017.00,	'depense',	'iztvu9ziqfcozg14gmpskwwk',	'2023-06-13 21:00:00',	'2024-05-15 15:29:58.128'),
('y4b9e8tbc5l4o8421zy1k4n5',	'haversack',	1456.00,	'depense',	'iztvu9ziqfcozg14gmpskwwk',	'2023-06-19 21:00:00',	'2024-05-09 15:29:58.131'),
('g56papcxec3g7pvlkm9wbn5m',	'percent',	1435.00,	'depense',	'iztvu9ziqfcozg14gmpskwwk',	'2023-07-27 21:00:00',	'2024-05-15 15:29:58.133'),
('cs8s8f1smad09nt33pfd9al5',	'brisket',	1326.00,	'depense',	'iztvu9ziqfcozg14gmpskwwk',	'2023-08-01 10:57:06.311',	'2024-05-12 15:29:58.135'),
('rbcxvun0vqd3m4r48cxk72zo',	'graft',	1107.00,	'depense',	'iztvu9ziqfcozg14gmpskwwk',	'2023-08-23 10:57:34.722',	'2024-05-27 15:29:58.137'),
('piwircbqxkwrbqrk0i2paeze',	'exchange',	1089.00,	'depense',	'iztvu9ziqfcozg14gmpskwwk',	'2023-08-12 06:56:14.588',	'2024-05-25 15:29:58.139'),
('cllus1hul000e3lyfw4fifijr',	'hire',	1058.00,	'depense',	'iztvu9ziqfcozg14gmpskwwk',	'2023-08-11 11:07:03',	'2024-05-06 15:29:58.141'),
('cllus3o2n000i3lyfjslgbcr6',	'thorn',	1276.00,	'depense',	'iztvu9ziqfcozg14gmpskwwk',	'2023-08-13 11:10:35',	'2024-05-07 15:29:58.143'),
('cllus9ijn000k3lyf56gpr25q',	'dollar',	1485.00,	'depense',	'iztvu9ziqfcozg14gmpskwwk',	'2023-08-17 11:14:57.444',	'2024-05-18 15:29:58.145'),
('cllusetc4000m3lyfefyyeaeh',	'calculation',	1345.00,	'depense',	'iztvu9ziqfcozg14gmpskwwk',	'2023-08-10 11:19:26.118',	'2024-05-25 15:29:58.147'),
('cllushwuo000o3lyf0hjpjfuc',	'guilder',	1035.00,	'depense',	'iztvu9ziqfcozg14gmpskwwk',	'2023-08-06 11:21:45.096',	'2024-05-23 15:29:58.149'),
('cllut606100053lfzixbn7sq6',	'interject',	1170.00,	'depense',	'iztvu9ziqfcozg14gmpskwwk',	'2023-08-03 11:40:30',	'2024-05-06 15:29:58.151'),
('cllv8j8p200013ln64njqoqjp',	'wash',	1217.00,	'depense',	'iztvu9ziqfcozg14gmpskwwk',	'2023-08-02 18:50:53.479',	'2024-05-14 15:29:58.153'),
('cllwqbijg00033lae2yxvwele',	'slope',	5241.00,	'revenue',	'iztvu9ziqfcozg14gmpskwwk',	'2023-08-27 19:55:57.039',	'2024-05-27 15:29:58.155'),
('cllwqcf5w00073laer9gubwdz',	'tolerance',	1399.00,	'depense',	'iztvu9ziqfcozg14gmpskwwk',	'2023-08-24 19:56:46.427',	'2024-05-20 15:29:58.157'),
('cllyvxq3m0007yj468k60gui2',	'veteran',	1396.00,	'depense',	'iztvu9ziqfcozg14gmpskwwk',	'2023-08-11 08:08:59.554',	'2024-05-12 15:29:58.159'),
('cllyvyawu0009yj46twi02d6x',	'map',	1362.00,	'depense',	'iztvu9ziqfcozg14gmpskwwk',	'2023-08-19 08:09:29.776',	'2024-05-12 15:29:58.161'),
('clm4ouzdj000dyj46nrtcgsbl',	'handicap',	1245.00,	'depense',	'iztvu9ziqfcozg14gmpskwwk',	'2023-09-12 09:37:26',	'2024-05-06 15:29:58.163'),
('clm4owvf7000fyj46o7ryuexb',	'anyone',	5836.00,	'revenue',	'iztvu9ziqfcozg14gmpskwwk',	'2023-09-19 09:38:25',	'2024-05-25 15:29:58.165'),
('clm58c89i000hyju096e7mfla',	'colloquy',	1188.00,	'depense',	'iztvu9ziqfcozg14gmpskwwk',	'2023-09-01 18:42:39.477',	'2024-05-21 15:29:58.166'),
('clm58dnbr000jyju0ijqd3xwp',	'invite',	1373.00,	'depense',	'iztvu9ziqfcozg14gmpskwwk',	'2023-09-09 18:44:02.278',	'2024-05-12 15:29:58.168'),
('clm58efqj000lyju0h5aqz1lr',	'astronomy',	1246.00,	'depense',	'iztvu9ziqfcozg14gmpskwwk',	'2023-09-11 18:44:23.412',	'2024-05-28 15:29:58.17'),
('clm58hhr9000nyju0spg64srr',	'queen',	1020.00,	'depense',	'iztvu9ziqfcozg14gmpskwwk',	'2023-09-25 18:45:12.427',	'2024-05-14 15:29:58.172'),
('clm58im6w000pyju0r7q00uzl',	'worry',	1396.00,	'depense',	'iztvu9ziqfcozg14gmpskwwk',	'2023-09-10 18:47:57.356',	'2024-05-11 15:29:58.174'),
('clm58n1vb000ryju0wc2bm1jx',	'afoul',	1300.00,	'depense',	'iztvu9ziqfcozg14gmpskwwk',	'2023-09-21 18:50:57.448',	'2024-05-09 15:29:58.175'),
('clm9h8b6f0011yju0cysiiq34',	'score',	6888.00,	'revenue',	'iztvu9ziqfcozg14gmpskwwk',	'2023-09-03 18:02:31.15',	'2024-05-10 15:29:58.177'),
('clm9h92ji0017yju0358qss7l',	'shoat',	1075.00,	'depense',	'iztvu9ziqfcozg14gmpskwwk',	'2023-09-20 18:03:24.223',	'2024-05-05 15:29:58.179'),
('clmek1meg0019yju0yvoey00l',	'pard',	1445.00,	'depense',	'iztvu9ziqfcozg14gmpskwwk',	'2023-09-26 07:20:39.73',	'2024-05-12 15:29:58.181'),
('clmgk6mp5001fyju03l1erbq1',	'travel',	9672.00,	'revenue',	'iztvu9ziqfcozg14gmpskwwk',	'2023-09-25 16:58:11.998',	'2024-05-02 15:29:58.183'),
('clmgk78t0001lyju0l6invofs',	'majority',	1282.00,	'depense',	'iztvu9ziqfcozg14gmpskwwk',	'2023-09-10 17:00:25.573',	'2024-05-16 15:29:58.185'),
('clmhbcnbw001pyju0ofzghox5',	'silkworm',	8248.00,	'revenue',	'iztvu9ziqfcozg14gmpskwwk',	'2023-09-25 05:40:14.704',	'2024-05-15 15:29:58.187'),
('clmhberq5001ryju0qb6h1yza',	'apparel',	1167.00,	'depense',	'iztvu9ziqfcozg14gmpskwwk',	'2023-09-02 05:41:41.815',	'2024-05-17 15:29:58.188'),
('clmkbybfd001xyju048fjkw25',	'laughter',	1342.00,	'depense',	'iztvu9ziqfcozg14gmpskwwk',	'2023-09-01 08:20:34.486',	'2024-05-26 15:29:58.19'),
('clmoz0f3m0023yju074wy2w4e',	'lotion',	7108.00,	'revenue',	'iztvu9ziqfcozg14gmpskwwk',	'2023-09-14 14:17:10.487',	'2024-05-16 15:29:58.192'),
('clmoz13zy0029yju0auudtstf',	'disappointment',	1003.00,	'depense',	'iztvu9ziqfcozg14gmpskwwk',	'2023-09-10 14:17:36.212',	'2024-05-03 15:29:58.194'),
('cloa2yrqs000pyj960jsfqudz',	'sari',	1444.00,	'depense',	'iztvu9ziqfcozg14gmpskwwk',	'2023-10-08 13:30:53.09',	'2024-05-06 15:29:58.195'),
('cloaauw5a000vyj96vmgihq7q',	'cover',	7257.00,	'revenue',	'iztvu9ziqfcozg14gmpskwwk',	'2023-10-15 17:11:39.337',	'2024-05-17 15:29:58.197'),
('clocr891f000xyj96lfwcc6gl',	'custody',	1151.00,	'depense',	'iztvu9ziqfcozg14gmpskwwk',	'2023-10-25 10:24:23.182',	'2024-05-04 15:29:58.199'),
('clocr8jm1000zyj96nz864pp2',	'bedrock',	1328.00,	'depense',	'iztvu9ziqfcozg14gmpskwwk',	'2023-10-03 10:25:53.912',	'2024-05-28 15:29:58.201'),
('clocre0xk0015yj96q4air469',	'culture',	1083.00,	'depense',	'iztvu9ziqfcozg14gmpskwwk',	'2023-10-20 10:30:04.939',	'2024-05-05 15:29:58.202'),
('cloemjayf0003yjfbm4eq3gcu',	'alto',	1413.00,	'depense',	'iztvu9ziqfcozg14gmpskwwk',	'2023-10-17 17:49:40.949',	'2024-05-28 15:29:58.204'),
('clohb6eb20005yjfbbfgzbcam',	'tog',	1280.00,	'depense',	'iztvu9ziqfcozg14gmpskwwk',	'2023-11-04 14:55:12.81',	'2024-05-12 15:29:58.206'),
('clok5ly7j000byjfb6wi7bkpt',	'testing',	5563.00,	'revenue',	'iztvu9ziqfcozg14gmpskwwk',	'2023-11-27 14:42:33.234',	'2024-05-28 15:29:58.207'),
('clok5mnrd000hyjfbiecdg3km',	'dungeon',	1049.00,	'depense',	'iztvu9ziqfcozg14gmpskwwk',	'2023-11-11 14:43:07.934',	'2024-05-17 15:29:58.209'),
('cloobzly3000jyjfbiz6t3kqs',	'insert',	1427.00,	'depense',	'iztvu9ziqfcozg14gmpskwwk',	'2023-11-25 12:52:10.556',	'2024-05-18 15:29:58.211'),
('clopy4zzj000lyjfb1jxeq3pp',	'loneliness',	1064.00,	'depense',	'iztvu9ziqfcozg14gmpskwwk',	'2023-11-25 16:00:04.029',	'2024-05-18 15:29:58.212'),
('clopy5nhd000nyjfbsjvgusy8',	'western',	1355.00,	'depense',	'iztvu9ziqfcozg14gmpskwwk',	'2023-11-07 16:00:18.176',	'2024-05-20 15:29:58.214'),
('closfrd1x000pyjfbgj0w5gar',	'running',	1035.00,	'depense',	'iztvu9ziqfcozg14gmpskwwk',	'2023-11-28 09:48:57.084',	'2024-05-08 15:29:58.216'),
('clotrx5tt000ryjfbpylmqza6',	'plant',	1197.00,	'depense',	'iztvu9ziqfcozg14gmpskwwk',	'2023-11-15 08:16:57.046',	'2024-05-15 15:29:58.218'),
('cloujxu4r000tyjfbf6jlsgd1',	'travel',	1141.00,	'depense',	'iztvu9ziqfcozg14gmpskwwk',	'2023-11-20 21:21:12.941',	'2024-05-02 15:29:58.22'),
('cloykzvkz000zyjfblghedp3v',	'infinite',	5756.00,	'revenue',	'iztvu9ziqfcozg14gmpskwwk',	'2023-11-05 17:01:52.314',	'2024-05-23 15:29:58.221'),
('cloyl0cg90015yjfbd9simy29',	'sauerkraut',	1117.00,	'depense',	'iztvu9ziqfcozg14gmpskwwk',	'2023-11-26 17:02:20.83',	'2024-05-07 15:29:58.223'),
('clozewni8001byjfbl1147upx',	'nick',	1042.00,	'depense',	'iztvu9ziqfcozg14gmpskwwk',	'2023-11-15 06:59:03.54',	'2024-05-06 15:29:58.225'),
('clp3kuj0a001dyjfbcbtncgzq',	'technologist',	1193.00,	'depense',	'iztvu9ziqfcozg14gmpskwwk',	'2023-11-11 04:56:41.896',	'2024-05-11 15:29:58.227'),
('phpobvsxpubuiq1431xcghwk',	'dig',	9500.00,	'revenue',	'iztvu9ziqfcozg14gmpskwwk',	'2023-07-11 21:00:00',	'2024-05-08 15:29:58.228'),
('clmsssjqv002byju0qp50w3ql',	'balaclava',	1356.00,	'depense',	'iztvu9ziqfcozg14gmpskwwk',	'2023-09-05 06:33:35.856',	'2024-05-27 15:29:58.23'),
('clmuw3bfu002hyju0b7t89spr',	'lava',	3728.00,	'revenue',	'iztvu9ziqfcozg14gmpskwwk',	'2023-09-18 17:41:16.067',	'2024-05-05 15:29:58.231'),
('s7c2fo0788l7jxwi1l4rv2py',	'processing',	1113.00,	'depense',	'iztvu9ziqfcozg14gmpskwwk',	'2023-06-18 21:00:00',	'2024-05-16 15:29:58.107'),
('zgnnzlfxfovj438b4p8rnh23',	'discharge',	1123.00,	'depense',	'iztvu9ziqfcozg14gmpskwwk',	'2023-06-28 21:00:00',	'2024-05-08 15:29:58.11'),
('clmxe5ps7002xyju089nu7ur8',	'fail',	1397.00,	'depense',	'iztvu9ziqfcozg14gmpskwwk',	'2023-09-09 11:42:11.484',	'2024-05-16 15:29:58.236'),
('clmxqedlu0033yju09twbsolo',	'baby',	1141.00,	'depense',	'iztvu9ziqfcozg14gmpskwwk',	'2023-09-17 17:25:00.666',	'2024-05-15 15:29:58.238'),
('cln1bacp70035yju0ot5ktiw8',	'transcript',	1127.00,	'depense',	'iztvu9ziqfcozg14gmpskwwk',	'2023-09-11 05:32:49.305',	'2024-05-17 15:29:58.24'),
('cln4vkelt003byju0lhryo5d2',	'hydrocarb',	7541.00,	'revenue',	'iztvu9ziqfcozg14gmpskwwk',	'2023-09-06 17:24:02.131',	'2024-05-05 15:29:58.241'),
('cln4vl8jl003hyju0lmm6s3ek',	'paperwork',	1296.00,	'depense',	'iztvu9ziqfcozg14gmpskwwk',	'2023-09-15 17:25:29.139',	'2024-05-26 15:29:58.243'),
('cln4vmcxf003jyju0llnyso5s',	'schooner',	1351.00,	'depense',	'iztvu9ziqfcozg14gmpskwwk',	'2023-09-02 17:26:15.804',	'2024-05-25 15:29:58.244'),
('cln5sd6h4003lyju0cs8ffs5x',	'panpipe',	1167.00,	'depense',	'iztvu9ziqfcozg14gmpskwwk',	'2023-09-21 08:43:18.157',	'2024-05-17 15:29:58.246'),
('cln76l5e0003pyju00vy5z8z1',	'show',	1080.00,	'depense',	'iztvu9ziqfcozg14gmpskwwk',	'2023-10-15 08:09:04.908',	'2024-05-14 15:29:58.248'),
('clnakvpwv0009yjc8o8johtpj',	'girl',	5679.00,	'revenue',	'iztvu9ziqfcozg14gmpskwwk',	'2023-10-14 17:12:28.628',	'2024-05-05 15:29:58.249'),
('clnakwbs9000fyjc8l6600hu5',	'daily',	1391.00,	'depense',	'iztvu9ziqfcozg14gmpskwwk',	'2023-10-14 17:12:57.527',	'2024-05-01 15:29:58.251'),
('clnilcrbx000hyjc81ncrowyc',	'criterion',	4894.00,	'revenue',	'iztvu9ziqfcozg14gmpskwwk',	'2023-10-03 07:47:02.043',	'2024-05-13 15:29:58.253'),
('clnildjor000nyjc8u42tb921',	'consistency',	1183.00,	'depense',	'iztvu9ziqfcozg14gmpskwwk',	'2023-10-15 07:48:20.595',	'2024-05-28 15:29:58.254'),
('clnile1zd000pyjc8631xj983',	'stage',	1113.00,	'depense',	'iztvu9ziqfcozg14gmpskwwk',	'2023-10-25 07:48:57.155',	'2024-05-07 15:29:58.256'),
('clnilffsy000ryjc8ylw9kxjk',	'mortality',	1252.00,	'depense',	'iztvu9ziqfcozg14gmpskwwk',	'2023-10-20 07:49:31.215',	'2024-05-27 15:29:58.257'),
('clnilfye0000vyjc8ouid3m9r',	'cigarette',	9437.00,	'revenue',	'iztvu9ziqfcozg14gmpskwwk',	'2023-10-17 07:50:25.745',	'2024-05-13 15:29:58.259'),
('clnilgfeg000xyjc85msw8uu5',	'burglar',	1277.00,	'depense',	'iztvu9ziqfcozg14gmpskwwk',	'2023-10-17 07:50:49.559',	'2024-05-14 15:29:58.261'),
('clnit85um000zyjc8gz4rni35',	'check',	1366.00,	'depense',	'iztvu9ziqfcozg14gmpskwwk',	'2023-10-23 11:28:01.534',	'2024-05-05 15:29:58.262'),
('clnjecmgw0011yjc8l8oqqyv9',	'evolution',	7931.00,	'revenue',	'iztvu9ziqfcozg14gmpskwwk',	'2023-10-01 21:19:41.003',	'2024-05-19 15:29:58.264'),
('clnnj0lyd0013yjc8anpkv02w',	'good-bye',	1223.00,	'depense',	'iztvu9ziqfcozg14gmpskwwk',	'2023-10-13 18:41:04.844',	'2024-05-17 15:29:58.266'),
('clno9jfzn0015yjc8zzygls9a',	'giggle',	1324.00,	'depense',	'iztvu9ziqfcozg14gmpskwwk',	'2023-10-19 07:04:00.794',	'2024-05-21 15:29:58.267'),
('clnoec9ve0017yjc808qquv1w',	'vendor',	1336.00,	'depense',	'iztvu9ziqfcozg14gmpskwwk',	'2023-10-24 09:18:13.696',	'2024-05-22 15:29:58.269'),
('clnr8zcri0009yj1gdradiqqb',	'circulation',	6720.00,	'revenue',	'iztvu9ziqfcozg14gmpskwwk',	'2023-10-09 09:11:29.121',	'2024-05-08 15:29:58.271'),
('clnra595t000fyj1gv57cvbui',	'row',	1024.00,	'depense',	'iztvu9ziqfcozg14gmpskwwk',	'2023-10-15 09:44:08.569',	'2024-05-13 15:29:58.272'),
('clntx55zt000lyj1guz8mlm99',	'pamphlet',	1225.00,	'depense',	'iztvu9ziqfcozg14gmpskwwk',	'2023-10-16 06:02:19.598',	'2024-05-21 15:29:58.274'),
('clnxcpovw0003yj66lndoyrsw',	'bacterium',	1152.00,	'depense',	'iztvu9ziqfcozg14gmpskwwk',	'2023-10-20 15:42:43.615',	'2024-05-13 15:29:58.276'),
('clo35an3v0005yj969gjjjla3',	'property',	7900.00,	'revenue',	'iztvu9ziqfcozg14gmpskwwk',	'2023-10-11 17:01:34.926',	'2024-05-25 15:29:58.278'),
('clo35bg1i000byj96j93d3amm',	'elicit',	1018.00,	'depense',	'iztvu9ziqfcozg14gmpskwwk',	'2023-10-09 17:02:15.342',	'2024-05-18 15:29:58.279'),
('clo8nxbb5000dyj96mlfl7q9v',	'rope',	1003.00,	'depense',	'iztvu9ziqfcozg14gmpskwwk',	'2023-10-22 13:41:57.87',	'2024-05-22 15:29:58.284'),
('clo8nycky000fyj96ay2xxjc7',	'dependency',	1197.00,	'depense',	'iztvu9ziqfcozg14gmpskwwk',	'2023-10-27 13:42:18.973',	'2024-05-08 15:29:58.287'),
('clo8o4c0x000hyj96muef6cfu',	'cassock',	1209.00,	'depense',	'iztvu9ziqfcozg14gmpskwwk',	'2023-10-20 13:47:24.278',	'2024-05-01 15:29:58.289'),
('clo8wd9un000nyj967j13jqgf',	'affect',	8320.00,	'revenue',	'iztvu9ziqfcozg14gmpskwwk',	'2023-10-09 17:38:21.224',	'2024-05-22 15:29:58.291'),
('clpcveg3q001pyjfbugpjp5hd',	'brass',	1303.00,	'depense',	'iztvu9ziqfcozg14gmpskwwk',	'2023-11-27 17:02:08.793',	'2024-05-23 15:29:58.293'),
('clpcvlxxg001ryjfbhwldtzgl',	'climate',	1265.00,	'depense',	'iztvu9ziqfcozg14gmpskwwk',	'2023-11-14 17:07:50.403',	'2024-05-17 15:29:58.295'),
('clpekjfl9001xyjfbcp6h2wwq',	'everybody',	1018.00,	'depense',	'iztvu9ziqfcozg14gmpskwwk',	'2023-11-13 21:33:30.844',	'2024-05-10 15:29:58.297'),
('clpekk0aq001zyjfb4qb70xzw',	'cyclooxygenase',	1274.00,	'depense',	'iztvu9ziqfcozg14gmpskwwk',	'2023-11-03 21:33:51.78',	'2024-05-02 15:29:58.299'),
('clpmai8lf0021yjfbirdm5o1o',	'cart',	1483.00,	'depense',	'iztvu9ziqfcozg14gmpskwwk',	'2023-12-14 07:14:04.25',	'2024-05-26 15:29:58.301'),
('clpmaj6bi0023yjfbqkqi2l8a',	'frame',	1198.00,	'depense',	'iztvu9ziqfcozg14gmpskwwk',	'2023-12-14 07:15:33.781',	'2024-05-27 15:29:58.302'),
('clpmajqfg0025yjfb276f36cf',	'attorney',	1162.00,	'depense',	'iztvu9ziqfcozg14gmpskwwk',	'2023-12-15 07:16:00.899',	'2024-05-05 15:29:58.304'),
('clpmak7mc002byjfbkryv239h',	'dialect',	1230.00,	'depense',	'iztvu9ziqfcozg14gmpskwwk',	'2023-12-04 07:16:19.896',	'2024-05-03 15:29:58.306'),
('clpmakpq8002dyjfbo6r40ukt',	'buy',	1496.00,	'depense',	'iztvu9ziqfcozg14gmpskwwk',	'2023-12-22 07:16:49.596',	'2024-05-26 15:29:58.308'),
('clpmo2e8p002hyjfbm84pwidu',	'ceremony',	3695.00,	'revenue',	'clldntrsd00003l5xw4sfzzln',	'2023-11-23 13:34:13',	'2024-05-02 15:29:58.31'),
('clpmo48vi002nyjfb8esus5sk',	'visa',	7214.00,	'revenue',	'clldntrsd00003l5xw4sfzzln',	'2023-11-06 13:35:46',	'2024-05-06 15:29:58.312'),
('clpmo9blo002tyjfbv12wessk',	'strand',	1178.00,	'depense',	'clldntrsd00003l5xw4sfzzln',	'2023-12-01 13:39:55.841',	'2024-05-23 15:29:58.313'),
('clpmo9nem002vyjfbt3d05tjh',	'dynasty',	1261.00,	'depense',	'clldntrsd00003l5xw4sfzzln',	'2023-12-20 13:40:07.834',	'2024-05-20 15:29:58.315'),
('clpple0ip002xyjfbf7vvl73o',	'quest',	1136.00,	'depense',	'iztvu9ziqfcozg14gmpskwwk',	'2023-12-02 14:42:49.809',	'2024-05-14 15:29:58.317'),
('clpr1tqa7002zyjfbl1wc4p3y',	'fabric',	1178.00,	'depense',	'iztvu9ziqfcozg14gmpskwwk',	'2023-12-22 15:10:47.904',	'2024-05-26 15:29:58.319'),
('clptwybto0033yjfbuyvmnwl5',	'deduce',	1389.00,	'depense',	'iztvu9ziqfcozg14gmpskwwk',	'2023-12-15 15:17:37.577',	'2024-05-07 15:29:58.321'),
('clptyoneb0035yjfb2s8s55vd',	'book',	4782.00,	'revenue',	'iztvu9ziqfcozg14gmpskwwk',	'2023-12-22 16:06:01',	'2024-05-01 15:29:58.323'),
('clpur1amn0037yjfbwwtdwt7r',	'communicant',	1438.00,	'depense',	'iztvu9ziqfcozg14gmpskwwk',	'2023-12-09 05:19:31.323',	'2024-05-19 15:29:58.325'),
('clpuxe7l90039yjfbr51mccad',	'resistance',	1482.00,	'depense',	'iztvu9ziqfcozg14gmpskwwk',	'2023-12-14 08:17:42.459',	'2024-05-07 15:29:58.326'),
('clpw799yc003byjfbvx4fb2vh',	'burst',	1308.00,	'depense',	'iztvu9ziqfcozg14gmpskwwk',	'2023-12-04 05:41:35.754',	'2024-05-27 15:29:58.328'),
('clpwvu4yz003dyjfbkr9nw98q',	'smog',	1459.00,	'depense',	'iztvu9ziqfcozg14gmpskwwk',	'2023-12-24 17:09:29.098',	'2024-05-13 15:29:58.33'),
('clpwvuncs003fyjfb2vzs5u48',	'urge',	8647.00,	'revenue',	'iztvu9ziqfcozg14gmpskwwk',	'2023-12-03 17:09:59.749',	'2024-05-16 15:29:58.332'),
('clpwvvq2x003lyjfbnj7vli6v',	'doorbell',	5507.00,	'revenue',	'iztvu9ziqfcozg14gmpskwwk',	'2023-12-04 17:10:36.608',	'2024-05-20 15:29:58.334'),
('clpxn307d00b3yjfbnxsz948r',	'ornament',	1319.00,	'depense',	'iztvu9ziqfcozg14gmpskwwk',	'2023-12-04 05:52:13.47',	'2024-05-18 15:29:58.336'),
('clpybjtog00b9yjfblcrjxtn5',	'cashew',	1065.00,	'depense',	'iztvu9ziqfcozg14gmpskwwk',	'2023-12-09 17:17:11.464',	'2024-05-23 15:29:58.338'),
('clpz0aez000bdyjfb04t9zg0t',	'zampone',	1029.00,	'depense',	'iztvu9ziqfcozg14gmpskwwk',	'2023-12-28 04:49:45.597',	'2024-05-21 15:29:58.341'),
('clpmo6ged002ryjfbizn37g81',	'soldier',	1361.00,	'depense',	'clldntrsd00003l5xw4sfzzln',	'2023-11-07 13:37:29',	'2024-05-25 15:29:58.343'),
('clpawuq66001fyjfbrrxsnt0g',	'title',	1188.00,	'depense',	'iztvu9ziqfcozg14gmpskwwk',	'2023-11-19 08:07:11.484',	'2024-05-17 15:29:58.345'),
('clpcvbtmv001lyjfbi3qhkisn',	'semicircle',	8122.00,	'revenue',	'iztvu9ziqfcozg14gmpskwwk',	'2023-11-07 16:59:48.177',	'2024-05-13 15:29:58.347'),
('clpcvcmkx001nyjfbtslpfgou',	'duffel',	1279.00,	'depense',	'iztvu9ziqfcozg14gmpskwwk',	'2023-11-01 17:00:21.844',	'2024-05-25 15:29:58.35'),
('clq0xfo8z00bhyjfbe1gjcw6m',	'exercise',	1021.00,	'depense',	'iztvu9ziqfcozg14gmpskwwk',	'2023-12-28 13:05:00.186',	'2024-05-01 15:29:58.352'),
('clmwhvo0c002ryju05vtd2gus',	'archaeologist',	1337.00,	'depense',	'iztvu9ziqfcozg14gmpskwwk',	'2023-09-23 20:38:49.319',	'2024-05-11 15:29:58.233'),
('clmwig5rx002vyju0l10ce805',	'depressive',	1238.00,	'depense',	'iztvu9ziqfcozg14gmpskwwk',	'2023-09-15 20:55:37.289',	'2024-05-23 15:29:58.235'),
('clq15k6ky00bzyjfbckskf1be',	'underground',	1284.00,	'depense',	'iztvu9ziqfcozg14gmpskwwk',	'2023-12-06 16:53:01.329',	'2024-05-20 15:29:58.358'),
('clq42u5p000c5yjfbqg6ntdhz',	'vacation',	1209.00,	'depense',	'iztvu9ziqfcozg14gmpskwwk',	'2023-12-22 17:59:59.864',	'2024-05-19 15:29:58.36'),
('clq42uur900c9yjfbqu6hhvkg',	'digit',	1219.00,	'depense',	'iztvu9ziqfcozg14gmpskwwk',	'2023-12-03 18:00:19.643',	'2024-05-14 15:29:58.363'),
('clq5eyx1300cdyjfb6g1wll60',	'laparoscope',	1059.00,	'depense',	'iztvu9ziqfcozg14gmpskwwk',	'2023-12-27 16:27:23.97',	'2024-05-16 15:29:58.365'),
('clq5f01vf00cfyjfbl9qf0z8q',	'limo',	1402.00,	'depense',	'iztvu9ziqfcozg14gmpskwwk',	'2023-12-27 16:27:43.075',	'2024-05-27 15:29:58.367'),
('clq5f0tzn00cjyjfbxlfzz14l',	'eternity',	1295.00,	'depense',	'iztvu9ziqfcozg14gmpskwwk',	'2023-12-16 16:28:34.877',	'2024-05-01 15:29:58.369'),
('clq6z172100cnyjfbqaqnra5x',	'understatement',	1381.00,	'depense',	'iztvu9ziqfcozg14gmpskwwk',	'2023-12-13 18:36:52.716',	'2024-05-14 15:29:58.371'),
('clq6z5eoj00ctyjfb21nviefe',	'display',	1464.00,	'depense',	'iztvu9ziqfcozg14gmpskwwk',	'2023-12-22 18:40:06',	'2024-05-09 15:29:58.373'),
('clq6z5w5q00cxyjfbd3vihmba',	'pencil',	1446.00,	'depense',	'iztvu9ziqfcozg14gmpskwwk',	'2023-12-05 18:40:28.196',	'2024-05-23 15:29:58.375'),
('clq93tcco00d1yjfbfjeittx1',	'creche',	1003.00,	'depense',	'iztvu9ziqfcozg14gmpskwwk',	'2023-12-05 06:26:16.02',	'2024-05-07 15:29:58.378'),
('clq9gtv5000d5yjfbcfqkxeut',	'timber',	1400.00,	'depense',	'iztvu9ziqfcozg14gmpskwwk',	'2023-12-26 12:30:31.638',	'2024-05-04 15:29:58.38'),
('clqb3la5300d7yjfbguvseyof',	'dare',	1047.00,	'depense',	'iztvu9ziqfcozg14gmpskwwk',	'2023-12-11 15:54:59.503',	'2024-05-04 15:29:58.382'),
('clqburfek00ddyjfbc77yzva2',	'topic',	5832.00,	'revenue',	'iztvu9ziqfcozg14gmpskwwk',	'2023-12-13 04:36:06.689',	'2024-05-05 15:29:58.385'),
('clqcj121i00dhyjfbduxaorpg',	'diction',	1427.00,	'depense',	'iztvu9ziqfcozg14gmpskwwk',	'2023-12-02 15:55:20.561',	'2024-05-11 15:29:58.387'),
('clqcj1oke00dnyjfb13qfcpfd',	'conservative',	1045.00,	'depense',	'iztvu9ziqfcozg14gmpskwwk',	'2023-12-15 15:55:44.612',	'2024-05-20 15:29:58.389'),
('clqdz676b00dtyjfb0bx2hp1p',	'leg',	1347.00,	'depense',	'iztvu9ziqfcozg14gmpskwwk',	'2023-12-17 16:15:10.126',	'2024-05-17 15:29:58.392'),
('clqe37e8i00dxyjfb46v62l5h',	'citizen',	1454.00,	'depense',	'iztvu9ziqfcozg14gmpskwwk',	'2023-12-25 18:07:50.427',	'2024-05-27 15:29:58.395'),
('clqhyrohj00e1yjfbf93vlrmk',	'need',	1128.00,	'depense',	'iztvu9ziqfcozg14gmpskwwk',	'2023-12-08 11:14:11.54',	'2024-05-26 15:29:58.398'),
('clqhys8cd00e5yjfbww2344wy',	'newsstand',	1201.00,	'depense',	'iztvu9ziqfcozg14gmpskwwk',	'2023-12-10 11:15:14.679',	'2024-05-18 15:29:58.401'),
('clqj14noc00e9yjfbd6531l9k',	'carry',	1281.00,	'depense',	'iztvu9ziqfcozg14gmpskwwk',	'2023-12-07 05:08:42.516',	'2024-05-17 15:29:58.404'),
('clqkqvukd00edyjfby685ipiw',	'casserole',	1339.00,	'depense',	'iztvu9ziqfcozg14gmpskwwk',	'2023-12-07 09:57:20',	'2024-05-23 15:29:58.406'),
('clqkqw5ac00ehyjfb1jp6w9du',	'million',	1060.00,	'depense',	'iztvu9ziqfcozg14gmpskwwk',	'2023-12-25 09:57:47.981',	'2024-05-12 15:29:58.409'),
('clql3gc1x00enyjfbk2qezteq',	'sepal',	9291.00,	'revenue',	'iztvu9ziqfcozg14gmpskwwk',	'2023-12-28 15:49:21.27',	'2024-05-21 15:29:58.411'),
('clqnb34e300eryjfbtvdnuwph',	'triangle',	1459.00,	'depense',	'iztvu9ziqfcozg14gmpskwwk',	'2023-12-02 04:58:21.222',	'2024-05-08 15:29:58.413'),
('clqnb3i6z00exyjfbzfbzjhs0',	'comedy',	1040.00,	'depense',	'iztvu9ziqfcozg14gmpskwwk',	'2023-12-02 04:58:53.418',	'2024-05-10 15:29:58.416'),
('clqnybq6m00f7yjfbh6d459pf',	'ease',	1388.00,	'depense',	'iztvu9ziqfcozg14gmpskwwk',	'2023-12-15 15:47:37.437',	'2024-05-26 15:29:58.418'),
('clqnycvd800fdyjfb9fmozuml',	'petal',	1076.00,	'depense',	'iztvu9ziqfcozg14gmpskwwk',	'2023-12-10 15:49:43',	'2024-05-08 15:29:58.42'),
('clqpe0jnv00fjyjfb1amtp8o0',	'lox',	1260.00,	'depense',	'iztvu9ziqfcozg14gmpskwwk',	'2023-12-09 15:55:26.779',	'2024-05-11 15:29:58.422'),
('clqpe4ibo00fnyjfb9pachiib',	'airfield',	1164.00,	'depense',	'iztvu9ziqfcozg14gmpskwwk',	'2023-12-18 15:59:15.887',	'2024-05-11 15:29:58.424'),
('clqpe724e00fryjfbk7c48req',	'absence',	1072.00,	'depense',	'iztvu9ziqfcozg14gmpskwwk',	'2023-12-14 15:59:29.17',	'2024-05-07 15:29:58.425'),
('clqpei3wm00fvyjfbcshhlada',	'pause',	1361.00,	'depense',	'iztvu9ziqfcozg14gmpskwwk',	'2023-12-08 16:08:32.141',	'2024-05-04 15:29:58.427'),
('clqpexos400g1yjfb8wmwyuvh',	'angina',	1329.00,	'depense',	'iztvu9ziqfcozg14gmpskwwk',	'2023-12-22 16:21:47.769',	'2024-05-06 15:29:58.429'),
('clqrm8tyw00g5yjfbwnp7biae',	'progenitor',	1468.00,	'depense',	'iztvu9ziqfcozg14gmpskwwk',	'2023-12-12 05:22:04.805',	'2024-05-06 15:29:58.431'),
('clqrqgd5l00gbyjfbmoe3o76e',	'vignette',	5886.00,	'revenue',	'iztvu9ziqfcozg14gmpskwwk',	'2023-12-13 07:19:19.949',	'2024-05-16 15:29:58.432'),
('clqrqhqxk00gfyjfb2odo8wtw',	'c-clamp',	1334.00,	'depense',	'iztvu9ziqfcozg14gmpskwwk',	'2023-12-04 07:20:32.101',	'2024-05-15 15:29:58.434'),
('clqrqi8pj00gjyjfbpbcqx2wd',	'nursery',	1090.00,	'depense',	'iztvu9ziqfcozg14gmpskwwk',	'2023-12-13 07:21:15.905',	'2024-05-03 15:29:58.436'),
('clqta7bpj0003yjrz6xw7oqe8',	'postfix',	1372.00,	'depense',	'iztvu9ziqfcozg14gmpskwwk',	'2023-12-26 09:20:33.115',	'2024-05-11 15:29:58.438'),
('clqta8zrz0007yjrzu243x34x',	'guacamole',	1342.00,	'depense',	'iztvu9ziqfcozg14gmpskwwk',	'2023-12-14 09:21:32.992',	'2024-05-03 15:29:58.44'),
('clqugw3n3000byjrzqjxrb5lx',	'dozen',	1193.00,	'depense',	'iztvu9ziqfcozg14gmpskwwk',	'2023-12-23 05:15:07',	'2024-05-18 15:29:58.441'),
('clqv0q4wm000fyjrz23l3qy20',	'grand',	1452.00,	'depense',	'iztvu9ziqfcozg14gmpskwwk',	'2024-01-28 14:30:38.636',	'2024-05-02 15:29:58.443'),
('clqvvuimf000jyjrz1b58ntb5',	'sorrel',	1156.00,	'depense',	'iztvu9ziqfcozg14gmpskwwk',	'2024-01-22 05:01:37.564',	'2024-05-09 15:29:58.445'),
('clqw60ts7000nyjrz6zew28th',	'tech',	1491.00,	'depense',	'iztvu9ziqfcozg14gmpskwwk',	'2024-01-08 09:46:42.989',	'2024-05-01 15:29:58.446'),
('clqwjd6y4000pyjrzaf2j3s28',	'accord',	1099.00,	'depense',	'iztvu9ziqfcozg14gmpskwwk',	'2024-01-25 16:00:16.579',	'2024-05-12 15:29:58.448'),
('clqwjga6w000vyjrzrycj4zfn',	'cube',	3808.00,	'revenue',	'iztvu9ziqfcozg14gmpskwwk',	'2024-01-03 16:02:28.283',	'2024-05-18 15:29:58.45'),
('clqwjhjbo000zyjrzz8b28rvg',	'styling',	1166.00,	'depense',	'iztvu9ziqfcozg14gmpskwwk',	'2024-01-16 16:03:06.415',	'2024-05-24 15:29:58.451'),
('clqwjhyad0015yjrznkkqs80j',	'nucleotidase',	1281.00,	'depense',	'iztvu9ziqfcozg14gmpskwwk',	'2024-01-20 16:04:00.996',	'2024-05-11 15:29:58.453'),
('clqwjmzow0019yjrzzkycsdjb',	'philosopher',	1172.00,	'depense',	'iztvu9ziqfcozg14gmpskwwk',	'2024-01-25 16:07:58.173',	'2024-05-22 15:29:58.454'),
('clqy4gau30003yjy0jtx8kg6r',	'shoestring',	1427.00,	'depense',	'iztvu9ziqfcozg14gmpskwwk',	'2024-01-25 18:37:41.906',	'2024-05-24 15:29:58.456'),
('clqy4gxc40007yjy0bq42numg',	'cup',	1177.00,	'depense',	'iztvu9ziqfcozg14gmpskwwk',	'2024-01-21 18:38:42.618',	'2024-05-14 15:29:58.458'),
('clr37g1vj000byjy0wynuu477',	'closing',	1459.00,	'depense',	'iztvu9ziqfcozg14gmpskwwk',	'2024-01-13 08:00:27.026',	'2024-05-09 15:29:58.459'),
('clr58m3nq000hyjy0gn8jjoqu',	'pen',	8663.00,	'revenue',	'iztvu9ziqfcozg14gmpskwwk',	'2024-01-23 18:09:07.085',	'2024-05-19 15:29:58.461'),
('clr58mm1t000nyjy0io6v19st',	'aside',	1256.00,	'depense',	'iztvu9ziqfcozg14gmpskwwk',	'2024-01-26 18:09:29.928',	'2024-05-20 15:29:58.462'),
('clr6nqrj2000tyjy08k15vxau',	'accountability',	1395.00,	'depense',	'iztvu9ziqfcozg14gmpskwwk',	'2024-01-15 18:00:38.412',	'2024-05-18 15:29:58.464'),
('clr6nr1nz000xyjy005zwtodi',	'disaster',	1442.00,	'depense',	'iztvu9ziqfcozg14gmpskwwk',	'2024-01-15 18:00:48.047',	'2024-05-17 15:29:58.466'),
('clr9fqmdj000hyjka33ibeh4j',	'crazy',	1081.00,	'depense',	'clldntrsd00003l5xw4sfzzln',	'2024-01-11 16:39:45.832',	'2024-05-23 15:29:58.468'),
('clr9frkwu000jyjkawn1ubo2t',	'assumption',	7830.00,	'revenue',	'clldntrsd00003l5xw4sfzzln',	'2024-01-15 16:40:36.349',	'2024-05-13 15:29:58.469'),
('clrblz7140009yje611l8y2oq',	'round',	1465.00,	'depense',	'iztvu9ziqfcozg14gmpskwwk',	'2024-01-04 05:08:07.779',	'2024-05-13 15:29:58.471'),
('clrblznw6000fyje6xiys1wd8',	'cantaloupe',	1039.00,	'depense',	'iztvu9ziqfcozg14gmpskwwk',	'2024-01-02 05:10:15.077',	'2024-05-24 15:29:58.473'),
('clreg22ev000lyje6oejy2r3o',	'step-father',	9213.00,	'revenue',	'iztvu9ziqfcozg14gmpskwwk',	'2024-01-06 04:47:28.822',	'2024-05-05 15:29:58.474'),
('clreg2w0a000ryje60a1p2a4u',	'sourwood',	1264.00,	'depense',	'iztvu9ziqfcozg14gmpskwwk',	'2024-01-19 04:47:47.167',	'2024-05-01 15:29:58.476'),
('clrfzbite000xyje679mz5vf7',	'mathematics',	1133.00,	'depense',	'iztvu9ziqfcozg14gmpskwwk',	'2024-01-26 06:34:36.567',	'2024-05-07 15:29:58.478'),
('clrgozzvq0013yje692k25bej',	'morsel',	1439.00,	'depense',	'iztvu9ziqfcozg14gmpskwwk',	'2024-01-23 18:33:12.312',	'2024-05-21 15:29:58.48'),
('clri12ero0017yje69wuvodrs',	'tie',	1032.00,	'depense',	'iztvu9ziqfcozg14gmpskwwk',	'2024-01-04 16:58:51.077',	'2024-05-02 15:29:58.481'),
('clq0xxi5s00bpyjfbjmzxk9qa',	'hen',	1198.00,	'depense',	'iztvu9ziqfcozg14gmpskwwk',	'2023-12-22 13:19:23.45',	'2024-05-02 15:29:58.354'),
('clq0xxu9100btyjfbar2hz4vu',	'many',	1104.00,	'depense',	'iztvu9ziqfcozg14gmpskwwk',	'2023-12-06 13:19:39.07',	'2024-05-03 15:29:58.356'),
('clrnippph0009rm2bgw10fpgc',	'dilapidation',	1174.00,	'depense',	'iztvu9ziqfcozg14gmpskwwk',	'2024-01-20 13:11:54.396',	'2024-05-08 15:29:58.487'),
('clrpugalj0005l82dzhdqjr4e',	'waiver',	1242.00,	'depense',	'iztvu9ziqfcozg14gmpskwwk',	'2024-01-14 04:15:54.843',	'2024-05-10 15:29:58.488'),
('clrw4bw42000gl82d61p92bj9',	'office',	4484.00,	'revenue',	'iztvu9ziqfcozg14gmpskwwk',	'2024-01-08 13:39:06.228',	'2024-05-19 15:29:58.49'),
('clrw4clg5000ml82ds6r2wjjo',	'automation',	1266.00,	'depense',	'iztvu9ziqfcozg14gmpskwwk',	'2024-01-16 13:39:27.714',	'2024-05-04 15:29:58.492'),
('clrz4jw9y000sl82d3ed52njc',	'sorghum',	1056.00,	'depense',	'iztvu9ziqfcozg14gmpskwwk',	'2024-01-12 16:08:20.957',	'2024-05-15 15:29:58.494'),
('clrz4lfko000wl82dj6whnexz',	'tap',	1348.00,	'depense',	'iztvu9ziqfcozg14gmpskwwk',	'2024-01-07 16:08:53.411',	'2024-05-03 15:29:58.496'),
('cls0v0c5e0010l82dyxic1ioc',	'cummerbund',	1438.00,	'depense',	'iztvu9ziqfcozg14gmpskwwk',	'2024-01-08 21:17:01.477',	'2024-05-24 15:29:58.498'),
('cls2404h70014l82d8eisme46',	'request',	1374.00,	'depense',	'iztvu9ziqfcozg14gmpskwwk',	'2024-01-05 18:16:21.614',	'2024-05-16 15:29:58.499'),
('cls241mxt0018l82dwx5acfl3',	'feeling',	1084.00,	'depense',	'iztvu9ziqfcozg14gmpskwwk',	'2024-01-19 18:17:18.706',	'2024-05-19 15:29:58.501'),
('cls245hu0001cl82d8rwhd5dg',	'chops',	1272.00,	'depense',	'iztvu9ziqfcozg14gmpskwwk',	'2024-01-21 18:20:48.248',	'2024-05-11 15:29:58.503'),
('cls362ui2001il82dvr7s8wdt',	'whelp',	1367.00,	'depense',	'iztvu9ziqfcozg14gmpskwwk',	'2024-02-22 12:02:22.454',	'2024-05-19 15:29:58.505'),
('clsupme6j0005pi2i9pao5lna',	'bloom',	1439.00,	'depense',	'iztvu9ziqfcozg14gmpskwwk',	'2024-02-18 18:39:06.56',	'2024-05-03 15:29:58.507'),
('clsupmtyx0009pi2iq87rrt8r',	'agent',	1418.00,	'depense',	'iztvu9ziqfcozg14gmpskwwk',	'2024-02-24 18:39:35.08',	'2024-05-05 15:29:58.509'),
('cls363ojc001kl82dl85akuir',	'memory',	7452.00,	'revenue',	'iztvu9ziqfcozg14gmpskwwk',	'2024-02-08 12:02:36.806',	'2024-05-13 15:29:58.51'),
('clqnm00lf00f1yjfb0ev5nhk1',	'degree',	8696.00,	'revenue',	'iztvu9ziqfcozg14gmpskwwk',	'2023-12-15 10:03:22.383',	'2024-05-01 15:29:58.512'),
('clnaa8d4k0001yjc848j6uxlw',	'walker',	8475.00,	'revenue',	'iztvu9ziqfcozg14gmpskwwk',	'2023-10-01 12:14:27.286',	'2024-05-07 15:29:58.514'),
('clm4oxh5w000hyj46bqz9eyg7',	'excursion',	7233.00,	'revenue',	'iztvu9ziqfcozg14gmpskwwk',	'2023-09-11 09:39:41.145',	'2024-05-18 15:29:58.516'),
('j9ru61xjt6ql7j2s5tqghhkc',	'tap',	7037.00,	'revenue',	'iztvu9ziqfcozg14gmpskwwk',	'2023-06-18 21:00:00',	'2024-05-24 15:29:58.517'),
('cls63mg8k002tl82dsgtnu503',	'vegetarian',	8168.00,	'revenue',	'iztvu9ziqfcozg14gmpskwwk',	'2024-02-03 13:16:31.833',	'2024-05-05 15:29:58.519'),
('cls63mw8z002xl82dbqnyw5t7',	'fraudster',	1412.00,	'depense',	'iztvu9ziqfcozg14gmpskwwk',	'2024-02-14 13:17:16.582',	'2024-05-16 15:29:58.521'),
('clsw1yvdv000fpi2iu6b93529',	'footstep',	5945.00,	'revenue',	'iztvu9ziqfcozg14gmpskwwk',	'2024-02-10 17:12:38.174',	'2024-05-04 15:29:58.522'),
('cls63uyq50031l82dyn6ag5na',	'gong',	1233.00,	'depense',	'iztvu9ziqfcozg14gmpskwwk',	'2024-02-28 13:23:39.905',	'2024-05-15 15:29:58.524'),
('cls644cfz0035l82dpqxw3jnb',	'margin',	1080.00,	'depense',	'iztvu9ziqfcozg14gmpskwwk',	'2024-02-25 13:31:00.583',	'2024-05-09 15:29:58.526'),
('cls646k0w003bl82dqogi0a65',	'cost',	1010.00,	'depense',	'iztvu9ziqfcozg14gmpskwwk',	'2024-02-20 13:32:40.238',	'2024-05-01 15:29:58.529'),
('cls649l4y003fl82dnyectfuc',	'opinion',	1234.00,	'depense',	'iztvu9ziqfcozg14gmpskwwk',	'2024-02-09 13:34:58.455',	'2024-05-05 15:29:58.531'),
('cls64gl1v003hl82d9d8o8tag',	'peacoat',	1251.00,	'depense',	'iztvu9ziqfcozg14gmpskwwk',	'2024-02-26 13:40:00.403',	'2024-05-11 15:29:58.533'),
('cls6m73co003pl82d9m50gfk6',	'daisy',	9244.00,	'revenue',	'iztvu9ziqfcozg14gmpskwwk',	'2024-02-04 21:56:46.459',	'2024-05-05 15:29:58.535'),
('cls6m7igl003vl82dve3aqvo4',	'road',	1372.00,	'depense',	'iztvu9ziqfcozg14gmpskwwk',	'2024-02-18 21:57:13.698',	'2024-05-28 15:29:58.537'),
('cls92vrec0041l82dbeex5bff',	'rhythm',	1196.00,	'depense',	'iztvu9ziqfcozg14gmpskwwk',	'2024-02-27 15:19:36.938',	'2024-05-03 15:29:58.539'),
('clsb98f3x0045l82dpqyjqmrc',	'lycra',	1130.00,	'depense',	'iztvu9ziqfcozg14gmpskwwk',	'2024-02-12 03:52:06.362',	'2024-05-16 15:29:58.541'),
('clsb99s1a0047l82da5fbq8s3',	'peacock',	1411.00,	'depense',	'iztvu9ziqfcozg14gmpskwwk',	'2024-02-22 03:53:10.827',	'2024-05-08 15:29:58.542'),
('clsb9ai690049l82dhjfazevy',	'tooth',	1082.00,	'depense',	'iztvu9ziqfcozg14gmpskwwk',	'2024-02-16 03:54:15.521',	'2024-05-19 15:29:58.544'),
('clsco8wux004dl82d3qy3tp2i',	'formal',	1127.00,	'depense',	'iztvu9ziqfcozg14gmpskwwk',	'2024-02-02 03:40:40.01',	'2024-05-14 15:29:58.546'),
('clsdl7gxj004hl82d4f9yzv4k',	'chard',	1253.00,	'depense',	'iztvu9ziqfcozg14gmpskwwk',	'2024-02-01 19:03:38.515',	'2024-05-25 15:29:58.548'),
('clsdl7s30004nl82d4u6jccjo',	'replacement',	1067.00,	'depense',	'iztvu9ziqfcozg14gmpskwwk',	'2024-02-24 19:03:55.498',	'2024-05-06 15:29:58.55'),
('clsetr6py004rl82d2pko5n68',	'clutch',	1332.00,	'depense',	'iztvu9ziqfcozg14gmpskwwk',	'2024-02-13 15:49:55.218',	'2024-05-01 15:29:58.552'),
('clsett4q7004xl82dic58co7v',	'inconvenience',	1054.00,	'depense',	'iztvu9ziqfcozg14gmpskwwk',	'2024-02-10 15:50:57.449',	'2024-05-02 15:29:58.554'),
('clsfo5f7b0053l82d9e73pct5',	'granola',	1106.00,	'depense',	'iztvu9ziqfcozg14gmpskwwk',	'2024-02-06 06:01:24.96',	'2024-05-17 15:29:58.556'),
('clsjfzpu70057l82d5lduif4h',	'lathe',	1488.00,	'depense',	'iztvu9ziqfcozg14gmpskwwk',	'2024-02-11 21:22:35.78',	'2024-05-12 15:29:58.557'),
('clsjg19nb005bl82d0afbahkb',	'mimosa',	1151.00,	'depense',	'iztvu9ziqfcozg14gmpskwwk',	'2024-02-02 21:25:28.333',	'2024-05-06 15:29:58.559'),
('clsjg1io9005fl82dusea77mu',	'residence',	1372.00,	'depense',	'iztvu9ziqfcozg14gmpskwwk',	'2024-02-12 21:25:43.894',	'2024-05-28 15:29:58.561'),
('clsmb4wuf005ll82d9axo9190',	'nutrient',	5728.00,	'revenue',	'iztvu9ziqfcozg14gmpskwwk',	'2024-02-12 21:28:58.017',	'2024-05-04 15:29:58.563'),
('clsmb6o08005pl82d9p2bwn1t',	'characterization',	1076.00,	'depense',	'iztvu9ziqfcozg14gmpskwwk',	'2024-02-28 21:32:59.424',	'2024-05-16 15:29:58.565'),
('clsouuz310003o22b4sd8wgpw',	'midnight',	1496.00,	'depense',	'iztvu9ziqfcozg14gmpskwwk',	'2024-02-14 16:19:18.646',	'2024-05-12 15:29:58.567'),
('clspmd6xo0009o22b7bc0jg6c',	'utilisation',	1255.00,	'depense',	'iztvu9ziqfcozg14gmpskwwk',	'2024-02-22 05:09:21.222',	'2024-05-11 15:29:58.568'),
('clstefzoj0001o62h65zul86z',	'petition',	1057.00,	'depense',	'iztvu9ziqfcozg14gmpskwwk',	'2024-02-15 20:38:23.004',	'2024-05-13 15:29:58.57'),
('clstegdh20005o62h58igmpem',	'balloon',	1052.00,	'depense',	'iztvu9ziqfcozg14gmpskwwk',	'2024-02-24 20:38:53.567',	'2024-05-24 15:29:58.572'),
('clsw1zaiw000lpi2iwd9jjuny',	'harm',	1246.00,	'depense',	'iztvu9ziqfcozg14gmpskwwk',	'2024-02-10 17:13:02.392',	'2024-05-14 15:29:58.574'),
('clsw1zqqs000ppi2ijrs0p215',	'normalization',	1156.00,	'depense',	'iztvu9ziqfcozg14gmpskwwk',	'2024-02-15 17:13:17.929',	'2024-05-04 15:29:58.575'),
('clsxdp0ae000vpi2ixhi6qh2h',	'dessert',	1204.00,	'depense',	'iztvu9ziqfcozg14gmpskwwk',	'2024-02-26 15:28:43.24',	'2024-05-05 15:29:58.577'),
('clsxdpcj00011pi2i9n268xvi',	'butter',	1418.00,	'depense',	'iztvu9ziqfcozg14gmpskwwk',	'2024-02-24 15:28:59.613',	'2024-05-16 15:29:58.579'),
('clt0ihmim0017pi2iqod13l1c',	'digger',	1214.00,	'depense',	'iztvu9ziqfcozg14gmpskwwk',	'2024-02-21 20:06:09.725',	'2024-05-26 15:29:58.58'),
('clt0ijdrw001bpi2ipkxozwpi',	'calm',	1385.00,	'depense',	'iztvu9ziqfcozg14gmpskwwk',	'2024-02-07 20:06:50.759',	'2024-05-02 15:29:58.582'),
('clt1t4agf001fpi2i92ti681v',	'emery',	1284.00,	'depense',	'iztvu9ziqfcozg14gmpskwwk',	'2024-02-16 17:51:39.334',	'2024-05-23 15:29:58.584'),
('clt2jeupk000cnt2hfaym2btb',	'hake',	1179.00,	'depense',	'clldntrsd00003l5xw4sfzzln',	'2024-02-08 06:07:42.308',	'2024-05-08 15:29:58.586'),
('clt2jdiqg0008nt2h6mdcmb1g',	'golf',	7935.00,	'revenue',	'clldntrsd00003l5xw4sfzzln',	'2024-02-13 06:06:22',	'2024-05-24 15:29:58.587'),
('clt2je1yh000ant2hwf90zth2',	'hydrolysis',	8193.00,	'revenue',	'clldntrsd00003l5xw4sfzzln',	'2024-02-21 06:07:05.048',	'2024-05-09 15:29:58.589'),
('clt5l35wx000co62lzrbii3t6',	'cucumber',	1301.00,	'depense',	'clt5hfsf50008o62lvr8y2534',	'2024-02-28 09:17:35.967',	'2024-05-08 15:29:58.591'),
('clt5l4me6000eo62li916mq9l',	'gran',	5129.00,	'revenue',	'clt5hfsf50008o62lvr8y2534',	'2024-02-14 09:18:47.472',	'2024-05-25 15:29:58.592'),
('clt5l5ywm000go62l5rg6ric2',	'mobster',	5345.00,	'revenue',	'clt5hfsf50008o62lvr8y2534',	'2024-02-27 09:19:53.771',	'2024-05-26 15:29:58.594'),
('clt5pnbr6000lo62li7lf4ub7',	'program',	9886.00,	'revenue',	'clt5plbqh000ho62lmt0sbg0u',	'2024-02-15 11:24:26.314',	'2024-05-10 15:29:58.596'),
('clt5porb9000no62lc3w3oqwy',	'fool',	1345.00,	'depense',	'clt5plbqh000ho62lmt0sbg0u',	'2024-02-21 11:26:00.579',	'2024-05-17 15:29:58.597'),
('clrkyjfzk0007t12cnn94t00j',	'enjoyment',	1271.00,	'depense',	'iztvu9ziqfcozg14gmpskwwk',	'2024-01-13 18:11:34.449',	'2024-05-18 15:29:58.483'),
('clrmaw22a0005rm2byx6mawut',	'albatross',	1051.00,	'depense',	'iztvu9ziqfcozg14gmpskwwk',	'2024-01-17 16:45:02.223',	'2024-05-05 15:29:58.485'),
('clu3zblof007bo62lugj0iess',	'tam-o''-shanter',	1420.00,	'depense',	'iztvu9ziqfcozg14gmpskwwk',	'2024-03-01 11:00:01.058',	'2024-05-25 15:29:58.602'),
('clt5yhf9i001fo62lxi5gwzqd',	'celebration',	4938.00,	'revenue',	'iztvu9ziqfcozg14gmpskwwk',	'2024-02-26 15:32:49.134',	'2024-05-16 15:29:58.604'),
('clt5ykhhp001ho62lv8zj4653',	'great-grandfather',	5744.00,	'revenue',	'iztvu9ziqfcozg14gmpskwwk',	'2024-02-17 15:35:02.444',	'2024-05-07 15:29:58.606'),
('clt5yl7sk001no62l5uehf6uk',	'book',	4735.00,	'revenue',	'iztvu9ziqfcozg14gmpskwwk',	'2024-02-13 15:35:30.251',	'2024-05-13 15:29:58.608'),
('clt7eflii001vo62l735qjk4u',	'lambkin',	6682.00,	'revenue',	'iztvu9ziqfcozg14gmpskwwk',	'2024-02-20 15:46:55.464',	'2024-05-17 15:29:58.61'),
('clt7egmxf0021o62l9cjl5dhp',	'compress',	1299.00,	'depense',	'iztvu9ziqfcozg14gmpskwwk',	'2024-02-24 15:47:40.199',	'2024-05-03 15:29:58.611'),
('clt7h4pgh0029o62lwsaeoq70',	'grey',	1106.00,	'depense',	'iztvu9ziqfcozg14gmpskwwk',	'2024-02-20 17:02:35.408',	'2024-05-06 15:29:58.613'),
('clt85b3ot002fo62le2tqc6ru',	'gasp',	1237.00,	'depense',	'iztvu9ziqfcozg14gmpskwwk',	'2024-03-15 04:19:25.889',	'2024-05-15 15:29:58.615'),
('clt7h4bls0025o62lsyifdjfx',	'size',	1350.00,	'depense',	'iztvu9ziqfcozg14gmpskwwk',	'2024-02-04 17:01:56.278',	'2024-05-23 15:29:58.617'),
('clt8idvn9002jo62la45dcr1d',	'wasabi',	1007.00,	'depense',	'iztvu9ziqfcozg14gmpskwwk',	'2024-03-08 10:25:32.103',	'2024-05-08 15:29:58.619'),
('clt9v7uue002wo62lc31aohw0',	'knuckle',	8395.00,	'revenue',	'iztvu9ziqfcozg14gmpskwwk',	'2024-03-09 09:11:34.682',	'2024-05-13 15:29:58.62'),
('clu3zcdpy007fo62llmudnes4',	'forte',	1492.00,	'depense',	'iztvu9ziqfcozg14gmpskwwk',	'2024-03-28 11:00:52.398',	'2024-05-28 15:29:58.622'),
('clta65ksd003lo62l2ctshk78',	'savannah',	1066.00,	'depense',	'iztvu9ziqfcozg14gmpskwwk',	'2024-03-27 14:18:24.283',	'2024-05-12 15:29:58.624'),
('clta6ivl8003ro62l5r20iohk',	'impression',	1113.00,	'depense',	'iztvu9ziqfcozg14gmpskwwk',	'2024-03-01 14:28:56.092',	'2024-05-06 15:29:58.626'),
('clu3zf576007lo62l1j9he7jj',	'workshop',	1116.00,	'depense',	'iztvu9ziqfcozg14gmpskwwk',	'2024-03-08 11:03:05.668',	'2024-05-08 15:29:58.628'),
('clu3zi3o6007po62ld5ckjgpx',	'mini',	1451.00,	'depense',	'iztvu9ziqfcozg14gmpskwwk',	'2024-03-11 11:05:04.727',	'2024-05-09 15:29:58.629'),
('clu46ogni007to62l0c6gaf2k',	'giant',	1117.00,	'depense',	'iztvu9ziqfcozg14gmpskwwk',	'2024-03-04 14:26:27.828',	'2024-05-19 15:29:58.631'),
('clu5jiprd007xo62ltw429fhs',	'risk',	1224.00,	'depense',	'iztvu9ziqfcozg14gmpskwwk',	'2024-03-22 13:13:29.043',	'2024-05-11 15:29:58.633'),
('clu5jqmjj0081o62lwqo1n54f',	'slump',	1429.00,	'depense',	'iztvu9ziqfcozg14gmpskwwk',	'2024-03-01 13:19:41.028',	'2024-05-10 15:29:58.635'),
('clubezlqt0007mx2gekfwtjrg',	'width',	4107.00,	'revenue',	'iztvu9ziqfcozg14gmpskwwk',	'2024-03-08 15:52:55.675',	'2024-05-27 15:29:58.637'),
('cluc3xvmv000dmx2gqacda7cs',	'rooster',	9639.00,	'revenue',	'iztvu9ziqfcozg14gmpskwwk',	'2024-03-13 03:31:51.985',	'2024-05-16 15:29:58.639'),
('clta6pc7y003vo62lrqqoq98w',	'nursery',	1050.00,	'depense',	'iztvu9ziqfcozg14gmpskwwk',	'2024-03-15 14:34:02.326',	'2024-05-14 15:29:58.641'),
('clta64wdl003ho62ln8bmo6bh',	'configuration',	7453.00,	'revenue',	'iztvu9ziqfcozg14gmpskwwk',	'2024-03-10 14:17:51.769',	'2024-05-19 15:29:58.643'),
('clt9v95hx0034o62l9vs9ui00',	'download',	8788.00,	'revenue',	'iztvu9ziqfcozg14gmpskwwk',	'2024-03-07 09:13:07.342',	'2024-05-24 15:29:58.645'),
('cltd4mc0g004bo62l2lmg9e4l',	'churn',	1295.00,	'depense',	'iztvu9ziqfcozg14gmpskwwk',	'2024-03-26 15:58:37.298',	'2024-05-13 15:29:58.647'),
('cltduubwj004ho62l1cfvn0i0',	'liquidity',	1305.00,	'depense',	'iztvu9ziqfcozg14gmpskwwk',	'2024-03-05 04:13:09.046',	'2024-05-10 15:29:58.649'),
('clte4j6kr004jo62l6uek69b5',	'repayment',	1175.00,	'depense',	'iztvu9ziqfcozg14gmpskwwk',	'2024-03-19 08:43:26.375',	'2024-05-26 15:29:58.651'),
('clte4jmad004lo62lx0bpoqfm',	'independence',	1011.00,	'depense',	'iztvu9ziqfcozg14gmpskwwk',	'2024-03-06 08:44:42.69',	'2024-05-04 15:29:58.653'),
('cltisgqsi004vo62lm5iw30dx',	'picture',	1192.00,	'depense',	'iztvu9ziqfcozg14gmpskwwk',	'2024-03-21 15:05:25.846',	'2024-05-19 15:29:58.657'),
('cltjjfp14004zo62l617tn3hp',	'jiffy',	1475.00,	'depense',	'iztvu9ziqfcozg14gmpskwwk',	'2024-03-10 03:40:19.594',	'2024-05-18 15:29:58.659'),
('cltk47kwk0055o62lhuc886vq',	'spine',	6458.00,	'revenue',	'iztvu9ziqfcozg14gmpskwwk',	'2024-03-18 13:20:53.149',	'2024-05-22 15:29:58.661'),
('cltk47ti8005bo62l0jh6pvsu',	'gnu',	1369.00,	'depense',	'iztvu9ziqfcozg14gmpskwwk',	'2024-03-25 13:22:10.41',	'2024-05-17 15:29:58.662'),
('cltljt52g005ho62lmulfsvpw',	'riding',	1091.00,	'depense',	'iztvu9ziqfcozg14gmpskwwk',	'2024-03-11 13:26:26.065',	'2024-05-17 15:29:58.664'),
('cltljuhxj005lo62l0pkahnzq',	'photographer',	1038.00,	'depense',	'iztvu9ziqfcozg14gmpskwwk',	'2024-03-22 13:26:39.606',	'2024-05-16 15:29:58.666'),
('cltn46uv3005ro62lixq2tcuq',	'scanner',	1062.00,	'depense',	'iztvu9ziqfcozg14gmpskwwk',	'2024-03-28 15:44:45.203',	'2024-05-07 15:29:58.668'),
('cltoiczaw005vo62l5vyprx53',	'inn',	1495.00,	'depense',	'iztvu9ziqfcozg14gmpskwwk',	'2024-03-28 15:08:53.019',	'2024-05-26 15:29:58.67'),
('cltsem4ez0063o62la7cbgqej',	'embryo',	1129.00,	'depense',	'iztvu9ziqfcozg14gmpskwwk',	'2024-03-13 08:35:19.791',	'2024-05-09 15:29:58.671'),
('cltsenxh30069o62loxxll1n8',	'basil',	1377.00,	'depense',	'iztvu9ziqfcozg14gmpskwwk',	'2024-03-19 08:36:33.477',	'2024-05-13 15:29:58.673'),
('cltvj6mfz006fo62l6lcpqo4k',	'cultivator',	1340.00,	'depense',	'iztvu9ziqfcozg14gmpskwwk',	'2024-03-21 13:06:33.63',	'2024-05-07 15:29:58.675'),
('cltxqfot9006lo62lxy1q0zm8',	'bandana',	5050.00,	'revenue',	'iztvu9ziqfcozg14gmpskwwk',	'2024-03-06 02:05:01.5',	'2024-05-23 15:29:58.677'),
('cltxqfy6n006ro62lhlwdzv6r',	'kilogram',	1315.00,	'depense',	'iztvu9ziqfcozg14gmpskwwk',	'2024-03-02 02:05:21.13',	'2024-05-01 15:29:58.678'),
('cltxvruag006vo62lwgoma9ko',	'unibody',	1321.00,	'depense',	'iztvu9ziqfcozg14gmpskwwk',	'2024-03-21 04:34:32.205',	'2024-05-25 15:29:58.68'),
('clu1ihkwq0073o62lwzuhy2ls',	'calorie',	1283.00,	'depense',	'iztvu9ziqfcozg14gmpskwwk',	'2024-03-24 17:33:39.516',	'2024-05-25 15:29:58.682'),
('clt2jff5g000ent2h7t98nan1',	'accusation',	1258.00,	'depense',	'clldntrsd00003l5xw4sfzzln',	'2024-02-24 06:08:03.51',	'2024-05-27 15:29:58.684'),
('cluc3y5o0000hmx2g7yerog57',	'bait',	1158.00,	'depense',	'iztvu9ziqfcozg14gmpskwwk',	'2024-03-20 03:32:12.964',	'2024-05-04 15:29:58.686'),
('clucljljz000lmx2gamk7gjsm',	'heart-throb',	1007.00,	'depense',	'iztvu9ziqfcozg14gmpskwwk',	'2024-03-15 11:44:45.249',	'2024-05-11 15:29:58.688'),
('clud2wq9t000rmx2gxsdjm6hd',	'opinion',	3702.00,	'revenue',	'iztvu9ziqfcozg14gmpskwwk',	'2024-03-06 19:50:46.313',	'2024-05-12 15:29:58.689'),
('clud2x32y000vmx2gmot4jju7',	'bartender',	1158.00,	'depense',	'iztvu9ziqfcozg14gmpskwwk',	'2024-03-05 19:51:04.971',	'2024-05-19 15:29:58.691'),
('cluha264l000zmx2g70qvplkm',	'jaw',	1228.00,	'depense',	'iztvu9ziqfcozg14gmpskwwk',	'2024-04-12 18:21:32.973',	'2024-05-09 15:29:58.693'),
('cluhu2ks70013mx2gz43u0rnq',	'jet',	1208.00,	'depense',	'iztvu9ziqfcozg14gmpskwwk',	'2024-04-06 03:40:55.347',	'2024-05-19 15:29:58.695'),
('cluhu7kwy001bmx2gdx1er325',	'killing',	1350.00,	'depense',	'iztvu9ziqfcozg14gmpskwwk',	'2024-04-21 03:45:57.866',	'2024-05-21 15:29:58.697'),
('clujxy8bm001hmx2g7o6dii4w',	'stopsign',	1343.00,	'depense',	'iztvu9ziqfcozg14gmpskwwk',	'2024-04-04 15:05:00.249',	'2024-05-07 15:29:58.699'),
('clujy0qmm001nmx2gs6xrs2q5',	'latter',	1098.00,	'depense',	'iztvu9ziqfcozg14gmpskwwk',	'2024-04-22 15:08:13.505',	'2024-05-14 15:29:58.7'),
('clujy6c27001tmx2g8pxst8th',	'lad',	1393.00,	'depense',	'iztvu9ziqfcozg14gmpskwwk',	'2024-04-19 15:12:32.442',	'2024-05-10 15:29:58.702'),
('clujy9jwk001vmx2gaeu3u5ei',	'oven',	1211.00,	'depense',	'iztvu9ziqfcozg14gmpskwwk',	'2024-04-11 15:15:12.233',	'2024-05-22 15:29:58.704'),
('clul2ij5u0027mx2glcudr1ng',	'hygienic',	8920.00,	'revenue',	'iztvu9ziqfcozg14gmpskwwk',	'2024-04-26 10:01:30.427',	'2024-05-14 15:29:58.706'),
('clul2k2tn002bmx2g5kdeu3pm',	'elixir',	1414.00,	'depense',	'iztvu9ziqfcozg14gmpskwwk',	'2024-04-24 10:02:11.75',	'2024-05-16 15:29:58.708'),
('clunzju3p002fmx2gnomiccui',	'yoga',	1099.00,	'depense',	'iztvu9ziqfcozg14gmpskwwk',	'2024-04-01 11:01:29.073',	'2024-05-22 15:29:58.709'),
('cluo6e7b4002jmx2gcwh786zp',	'dog',	1494.00,	'depense',	'iztvu9ziqfcozg14gmpskwwk',	'2024-04-07 14:13:47.006',	'2024-05-26 15:29:58.711'),
('clup63ijb002nmx2g4j0cz4oq',	'buffet',	1227.00,	'depense',	'iztvu9ziqfcozg14gmpskwwk',	'2024-04-24 06:53:21.448',	'2024-05-06 15:29:58.713'),
('clur349vm000dqv2hn63prpn1',	'destination',	1360.00,	'depense',	'iztvu9ziqfcozg14gmpskwwk',	'2024-04-21 15:05:06.994',	'2024-05-24 15:29:58.715'),
('clur34ifc000hqv2h3w2oz020',	'prior',	1027.00,	'depense',	'iztvu9ziqfcozg14gmpskwwk',	'2024-04-10 15:05:43.495',	'2024-05-21 15:29:58.717'),
('clt5xjngj000xo62lbokploed',	'republic',	4543.00,	'revenue',	'iztvu9ziqfcozg14gmpskwwk',	'2024-02-05 15:06:30.94',	'2024-05-27 15:29:58.599'),
('clt5xqpwj0011o62lp2couyj7',	'dispute',	1147.00,	'depense',	'iztvu9ziqfcozg14gmpskwwk',	'2024-02-11 15:12:00.719',	'2024-05-07 15:29:58.601'),
('cluve8wuh0017qv2h9w2xkau5',	'silkworm',	1009.00,	'depense',	'iztvu9ziqfcozg14gmpskwwk',	'2024-04-03 15:28:04.819',	'2024-05-20 15:29:58.741'),
('clvb8jogq000tli2hjpy9957f',	'mallard',	6100.00,	'revenue',	'iztvu9ziqfcozg14gmpskwwk',	'2024-04-06 17:32:48.321',	'2024-05-15 15:29:58.762'),
('clvcizesg000xli2hwsnuurrq',	'igloo',	1467.00,	'depense',	'iztvu9ziqfcozg14gmpskwwk',	'2024-04-11 15:12:48.676',	'2024-05-06 15:29:58.764'),
('clvfep13b0013li2hu75fhqt9',	'school',	1396.00,	'depense',	'iztvu9ziqfcozg14gmpskwwk',	'2024-04-21 15:35:46.568',	'2024-05-06 15:29:58.766'),
('clvgdbey60017li2hbsld9fc2',	'violence',	1295.00,	'depense',	'iztvu9ziqfcozg14gmpskwwk',	'2024-04-21 07:45:07.97',	'2024-05-01 15:29:58.767'),
('clvhtlsg60003li2h9f3eqz0q',	'fillet',	1337.00,	'depense',	'iztvu9ziqfcozg14gmpskwwk',	'2024-04-26 08:09:00.913',	'2024-05-21 15:29:58.769'),
('clvktavlx0009li2h8sssik76',	'doorbell',	9614.00,	'revenue',	'iztvu9ziqfcozg14gmpskwwk',	'2024-04-28 10:23:42.805',	'2024-05-01 15:29:58.771'),
('clvktb4p6000fli2hl2la7ni2',	'equal',	1005.00,	'depense',	'iztvu9ziqfcozg14gmpskwwk',	'2024-04-21 10:24:01.394',	'2024-05-18 15:29:58.773'),
('clvl4aogv000hli2hhblv3guc',	'notoriety',	1440.00,	'depense',	'iztvu9ziqfcozg14gmpskwwk',	'2024-04-07 15:31:16.924',	'2024-05-05 15:29:58.774'),
('clvl4b256000lli2hpq4advdb',	'toga',	1274.00,	'depense',	'iztvu9ziqfcozg14gmpskwwk',	'2024-04-17 15:31:46.191',	'2024-05-06 15:29:58.776'),
('clvl4bcm9000rli2h88b9eqhv',	'gene',	1365.00,	'depense',	'iztvu9ziqfcozg14gmpskwwk',	'2024-04-28 15:32:07.79',	'2024-05-15 15:29:58.778'),
('clvl4vxwm000vli2h09obupv5',	'gum',	1045.00,	'depense',	'iztvu9ziqfcozg14gmpskwwk',	'2024-04-04 15:47:53.897',	'2024-05-04 15:29:58.779'),
('clvmj9obu0011li2h3h2fujjd',	'rebellion',	1174.00,	'depense',	'iztvu9ziqfcozg14gmpskwwk',	'2024-04-06 15:18:13.072',	'2024-05-10 15:29:58.781'),
('clvni3ruz0013li2h1cr93hj4',	'colloquy',	1103.00,	'depense',	'iztvu9ziqfcozg14gmpskwwk',	'2024-05-02 07:33:40.639',	'2024-05-17 15:29:58.783'),
('clvq8qgyd001dli2h3hh7znyz',	'octet',	3333.00,	'revenue',	'iztvu9ziqfcozg14gmpskwwk',	'2024-05-28 05:34:00.823',	'2024-05-05 15:29:58.785'),
('clvqea0dt001jli2he3vwl16s',	'chateau',	1162.00,	'depense',	'iztvu9ziqfcozg14gmpskwwk',	'2024-05-06 08:09:51.49',	'2024-05-19 15:29:58.786'),
('clvqeag70001lli2hh04m2snt',	'implication',	1053.00,	'depense',	'iztvu9ziqfcozg14gmpskwwk',	'2024-05-07 08:10:05.527',	'2024-05-01 15:29:58.788'),
('clvx9j95h001tli2hgrju2fyi',	'attainment',	7958.00,	'revenue',	'clvx9gtxf001pli2haazytowr',	'2024-05-26 03:30:42.024',	'2024-05-12 15:29:58.789'),
('clvxyn9ak0021li2hrrrz14ye',	'pharmacist',	6451.00,	'revenue',	'iztvu9ziqfcozg14gmpskwwk',	'2024-05-02 15:13:44.978',	'2024-05-23 15:29:58.791'),
('clw0deks60003pe2h3lmcn2qq',	'aperitif',	1162.00,	'depense',	'iztvu9ziqfcozg14gmpskwwk',	'2024-05-09 07:43:03.598',	'2024-05-21 15:29:58.793'),
('clvnkivjs0019li2huqpbpexk',	'test',	1108.00,	'depense',	'iztvu9ziqfcozg14gmpskwwk',	'2024-05-25 08:41:25.458',	'2024-05-07 15:29:58.794'),
('clw0dgp3r0007pe2h2kh4l1rv',	'grid',	1015.00,	'depense',	'iztvu9ziqfcozg14gmpskwwk',	'2024-05-13 07:44:46.369',	'2024-05-10 15:29:58.796'),
('clw1qdx3a000dpe2ho9air49p',	'syndicate',	3344.00,	'revenue',	'iztvu9ziqfcozg14gmpskwwk',	'2024-05-18 06:33:56.133',	'2024-05-18 15:29:58.798'),
('clw1qe8gd000hpe2h4latfi40',	'editing',	1078.00,	'depense',	'iztvu9ziqfcozg14gmpskwwk',	'2024-05-04 06:34:27.608',	'2024-05-12 15:29:58.799'),
('clw1qewxo000lpe2hry34rxbm',	'counselor',	1353.00,	'depense',	'iztvu9ziqfcozg14gmpskwwk',	'2024-05-14 06:34:43.68',	'2024-05-28 15:29:58.801'),
('clw1qf9uj000npe2hnvhiqkij',	'snail',	1147.00,	'depense',	'iztvu9ziqfcozg14gmpskwwk',	'2024-05-13 06:35:14.213',	'2024-05-23 15:29:58.802'),
('clw1qfol2000rpe2hx65ybl4l',	'gymnast',	1325.00,	'depense',	'iztvu9ziqfcozg14gmpskwwk',	'2024-05-15 06:35:31.235',	'2024-05-10 15:29:58.804'),
('cltisgi22004ro62ln4w6f06t',	'reset',	1322.00,	'depense',	'iztvu9ziqfcozg14gmpskwwk',	'2024-03-20 15:05:13.323',	'2024-05-10 15:29:58.655'),
('m6oc63s0cwgdz3ao8izd3fkv',	'country',	8724.00,	'revenue',	'iztvu9ziqfcozg14gmpskwwk',	'2022-11-21 21:00:00',	'2024-05-06 15:29:58.718'),
('ct5kjle27t7rgs963ei49ikf',	'downgrade',	1007.00,	'depense',	'iztvu9ziqfcozg14gmpskwwk',	'2023-06-25 21:00:00',	'2024-05-11 15:29:58.72'),
('clmuw4haq002nyju0psp3jlqh',	'tracking',	1159.00,	'depense',	'iztvu9ziqfcozg14gmpskwwk',	'2023-09-23 17:42:45.24',	'2024-05-21 15:29:58.722'),
('clnaag6as0003yjc8iv4jfnum',	'stamen',	1130.00,	'depense',	'iztvu9ziqfcozg14gmpskwwk',	'2023-10-09 12:20:41.692',	'2024-05-12 15:29:58.724'),
('clq0xh45i00blyjfbm8la1idm',	'industrialisation',	1286.00,	'depense',	'iztvu9ziqfcozg14gmpskwwk',	'2023-12-17 13:06:36.088',	'2024-05-04 15:29:58.726'),
('clrkyj4tp0003t12c8wx0kzvu',	'lumber',	1359.00,	'depense',	'iztvu9ziqfcozg14gmpskwwk',	'2024-01-22 18:10:33.952',	'2024-05-09 15:29:58.727'),
('cls63lbq0002nl82d3kmpmhw7',	'appetite',	1106.00,	'depense',	'iztvu9ziqfcozg14gmpskwwk',	'2024-02-28 13:16:10.836',	'2024-05-18 15:29:58.729'),
('clutyzf8a0011qv2ho7paa7o8',	'moment',	1196.00,	'depense',	'iztvu9ziqfcozg14gmpskwwk',	'2024-04-27 15:32:54.663',	'2024-05-08 15:29:58.74'),
('cluve95ul001bqv2hx0ez4no3',	'main',	1301.00,	'depense',	'iztvu9ziqfcozg14gmpskwwk',	'2024-04-20 15:28:19.231',	'2024-05-01 15:29:58.743'),
('cluxm4nzi001fqv2hens62eng',	'foreigner',	1468.00,	'depense',	'iztvu9ziqfcozg14gmpskwwk',	'2024-04-07 04:44:14.225',	'2024-05-07 15:29:58.745'),
('clv13a1ma0003li2h3zw6df1i',	'impairment',	1350.00,	'depense',	'iztvu9ziqfcozg14gmpskwwk',	'2024-04-16 15:07:42.605',	'2024-05-28 15:29:58.754'),
('clv3cp0bz0009li2hgo3e2241',	'college',	1149.00,	'depense',	'iztvu9ziqfcozg14gmpskwwk',	'2024-04-24 05:06:49.728',	'2024-05-14 15:29:58.755'),
('clv5f4p6z000fli2h3ucll239',	'silkworm',	1483.00,	'depense',	'iztvu9ziqfcozg14gmpskwwk',	'2024-04-26 15:50:24.345',	'2024-05-14 15:29:58.757'),
('clv7o92vh000jli2h1n234x7q',	'catalysis',	1267.00,	'depense',	'iztvu9ziqfcozg14gmpskwwk',	'2024-04-17 05:41:27.969',	'2024-05-28 15:29:58.759'),
('clvb28bnc000nli2h60p4lnxl',	'romaine',	1111.00,	'depense',	'iztvu9ziqfcozg14gmpskwwk',	'2024-04-20 14:36:02.411',	'2024-05-07 15:29:58.761'),
('clt5xh6xb000ro62lxh8m60zh',	'webpage',	1382.00,	'depense',	'iztvu9ziqfcozg14gmpskwwk',	'2024-02-18 15:04:40.022',	'2024-05-25 15:29:58.731'),
('clur34sse000nqv2h0b8ek0s5',	'acoustics',	9635.00,	'revenue',	'iztvu9ziqfcozg14gmpskwwk',	'2024-04-22 15:05:53.921',	'2024-05-04 15:29:58.733'),
('clusj50zu000pqv2hdsro7n22',	'astrologer',	1182.00,	'depense',	'iztvu9ziqfcozg14gmpskwwk',	'2024-04-16 15:21:32.957',	'2024-05-10 15:29:58.735'),
('clutywzko000vqv2hzmufo2j5',	'sandpaper',	1228.00,	'depense',	'iztvu9ziqfcozg14gmpskwwk',	'2024-04-15 15:31:10.011',	'2024-05-15 15:29:58.736'),
('clutyyydf000zqv2hvtxq1lpx',	'shoe',	1355.00,	'depense',	'iztvu9ziqfcozg14gmpskwwk',	'2024-04-06 15:31:22.363',	'2024-05-23 15:29:58.738'),
('cluy860rr001nqv2h2a6gmcdf',	'canon',	1314.00,	'depense',	'iztvu9ziqfcozg14gmpskwwk',	'2024-04-08 15:01:14.162',	'2024-05-17 15:29:58.749'),
('cluyim9zp001rqv2hag0dgf5v',	'macrofauna',	1176.00,	'depense',	'iztvu9ziqfcozg14gmpskwwk',	'2024-04-28 19:53:34.272',	'2024-05-07 15:29:58.75'),
('cluyimwiv001xqv2h5yq45m0n',	'briefly',	1099.00,	'depense',	'iztvu9ziqfcozg14gmpskwwk',	'2024-04-13 19:54:00.419',	'2024-05-04 15:29:58.752'),
('cluxm4z55001jqv2hc189r8de',	'duty',	1257.00,	'depense',	'iztvu9ziqfcozg14gmpskwwk',	'2024-04-24 04:44:30.966',	'2024-05-22 15:29:58.747');

DROP TABLE IF EXISTS "Invoice";
CREATE TABLE "public"."Invoice" (
    "id" text NOT NULL,
    "createdAt" timestamp(3) DEFAULT CURRENT_TIMESTAMP NOT NULL,
    "updatedAt" timestamp(3),
    "clientId" text NOT NULL,
    "ownerId" text NOT NULL,
    "tva" integer DEFAULT '0' NOT NULL,
    "ref" text NOT NULL,
    "currency" text NOT NULL,
    "paymentModeId" text NOT NULL,
    CONSTRAINT "Invoice_pkey" PRIMARY KEY ("id"),
    CONSTRAINT "Invoice_ref_clientId_key" UNIQUE ("ref", "clientId")
) WITH (oids = false);

INSERT INTO "Invoice" ("id", "createdAt", "updatedAt", "clientId", "ownerId", "tva", "ref", "currency", "paymentModeId") VALUES
('clr7ss478002byjxelif9tdbv',	'2024-01-10 13:09:33.381',	'2024-01-10 13:09:33.381',	'clr6s48jf000byjjn80qd3nb8',	'iztvu9ziqfcozg14gmpskwwk',	0,	'C3-1',	'Ar',	'clr6rzkkz0005yjjnhmhgww3v'),
('clruax5mo0009l82dxfg4219y',	'2024-01-26 07:08:17.472',	'2024-01-26 07:08:17.472',	'clr6s48jf000byjjn80qd3nb8',	'iztvu9ziqfcozg14gmpskwwk',	0,	'C3-2',	'Ar',	'clr6rzkkz0005yjjnhmhgww3v'),
('cls4u98xh002el82dywdc813r',	'2024-02-02 16:07:16.083',	'2024-02-02 16:07:51.796',	'clr6s36dw0009yjjnd8emnydt',	'iztvu9ziqfcozg14gmpskwwk',	0,	'C2-7',	'EUR',	'clr6ryjwz0003yjjnsbkxlf9h'),
('clt2irr0q0003nt2h1b4r5h3q',	'2024-02-26 05:49:53.93',	'2024-02-26 05:49:53.93',	'clr6s48jf000byjjn80qd3nb8',	'iztvu9ziqfcozg14gmpskwwk',	0,	'C3-3',	'Ar',	'clr6rzkkz0005yjjnhmhgww3v'),
('clt2jjyil000knt2h73ndou3x',	'2024-02-26 06:11:50.004',	'2024-02-26 06:11:50.004',	'clt2ji10w000gnt2hclhp3ci0',	'clldntrsd00003l5xw4sfzzln',	0,	'C1-1',	'Ar',	'clt2jj5yf000int2hjzkxpmvt'),
('clt8l8ura002no62lsjffdyl3',	'2024-03-01 11:45:48.214',	'2024-03-01 11:45:48.214',	'clr6s36dw0009yjjnd8emnydt',	'iztvu9ziqfcozg14gmpskwwk',	0,	'C2-8',	'EUR',	'clr6ryjwz0003yjjnsbkxlf9h'),
('clt9wv6oh003co62lh9a0he9l',	'2024-03-02 09:58:52.05',	'2024-03-02 09:58:52.05',	'clt9wsd2j0038o62l3psayo5l',	'clt4qroku0005o62llzjbwh8v',	20,	'C1-1',	'Ar',	'clt9wtlx9003ao62l3gyvxlyi'),
('cluazuied0085o62lcpwzgs41',	'2024-03-28 08:49:47.941',	'2024-03-28 09:44:02.151',	'clr6s48jf000byjjn80qd3nb8',	'iztvu9ziqfcozg14gmpskwwk',	0,	'C3-4',	'Ar',	'clr6rzkkz0005yjjnhmhgww3v'),
('clujz3qyx001zmx2gpu6tacro',	'2024-04-03 15:38:54.919',	'2024-04-03 15:38:54.919',	'clr6s36dw0009yjjnd8emnydt',	'iztvu9ziqfcozg14gmpskwwk',	0,	'C2-9',	'EUR',	'clr6ryjwz0003yjjnsbkxlf9h'),
('clr7sbicv0003yjxevhambp4z',	'2023-05-11 12:56:38.576',	'2024-04-07 08:17:24.634',	'clr6s36dw0009yjjnd8emnydt',	'iztvu9ziqfcozg14gmpskwwk',	0,	'C2-1',	'EUR',	'clr6ryjwz0003yjjnsbkxlf9h'),
('clr7sg0fj0009yjxen0ib7muj',	'2023-07-13 13:00:08.623',	'2024-04-07 08:18:18.988',	'clr6s36dw0009yjjnd8emnydt',	'iztvu9ziqfcozg14gmpskwwk',	0,	'C2-2',	'EUR',	'clr6ryjwz0003yjjnsbkxlf9h'),
('clr7shma7000fyjxeg57ublm4',	'2023-09-02 13:01:23.6',	'2024-04-07 08:19:17.354',	'clr6s36dw0009yjjnd8emnydt',	'iztvu9ziqfcozg14gmpskwwk',	0,	'C2-3',	'EUR',	'clr6ryjwz0003yjjnsbkxlf9h'),
('clr7siy03000lyjxesm6zqtnc',	'2023-10-06 13:02:25.444',	'2024-04-07 08:19:44.564',	'clr6s36dw0009yjjnd8emnydt',	'iztvu9ziqfcozg14gmpskwwk',	0,	'C2-4',	'EUR',	'clr6ryjwz0003yjjnsbkxlf9h'),
('clr7sjyi0000ryjxej37hflh7',	'2023-12-29 13:03:12.744',	'2024-04-07 08:20:30.643',	'clr6s36dw0009yjjnd8emnydt',	'iztvu9ziqfcozg14gmpskwwk',	0,	'C2-5',	'EUR',	'clr6ryjwz0003yjjnsbkxlf9h'),
('clr7sktw8000xyjxeipv2snat',	'2023-12-06 13:03:53.432',	'2024-04-07 08:21:54.673',	'clr6s36dw0009yjjnd8emnydt',	'iztvu9ziqfcozg14gmpskwwk',	0,	'C2-6',	'EUR',	'clr6ryjwz0003yjjnsbkxlf9h'),
('clvzcd4360023li2hkhvu31i2',	'2024-05-09 14:25:01.502',	'2024-05-09 14:26:21.809',	'clr6s36dw0009yjjnd8emnydt',	'iztvu9ziqfcozg14gmpskwwk',	0,	'C2-10',	'EUR',	'clr6ryjwz0003yjjnsbkxlf9h');

DROP TABLE IF EXISTS "PaymentMode";
CREATE TABLE "public"."PaymentMode" (
    "id" text NOT NULL,
    "name" text NOT NULL,
    "accountName" text,
    "iban" text,
    "createdAt" timestamp(3) DEFAULT CURRENT_TIMESTAMP NOT NULL,
    "updatedAt" timestamp(3),
    "onwerId" text NOT NULL,
    CONSTRAINT "PaymentMode_name_onwerId_key" UNIQUE ("name", "onwerId"),
    CONSTRAINT "PaymentMode_pkey" PRIMARY KEY ("id")
) WITH (oids = false);

INSERT INTO "PaymentMode" ("id", "name", "accountName", "iban", "createdAt", "updatedAt", "onwerId") VALUES
('clr6ryjwz0003yjjnsbkxlf9h',	'Outdoors',	'Tomistoma',	'o',	'2024-01-16 19:58:47.891',	'2024-05-16 15:29:58.939',	'iztvu9ziqfcozg14gmpskwwk'),
('clr6rzkkz0005yjjnhmhgww3v',	'Books',	'Siamese Crocodile',	'F',	'2024-01-07 19:59:35.412',	'2024-05-11 15:29:58.942',	'iztvu9ziqfcozg14gmpskwwk'),
('clt2jj5yf000int2hjzkxpmvt',	'Health',	'New Guinea Freshwater Crocodile',	'z',	'2024-02-01 06:11:12.999',	'2024-05-26 15:29:58.944',	'clldntrsd00003l5xw4sfzzln'),
('clt44lwya0004o62l9t6wkq4j',	'Books',	'African Slender-snouted Crocodile',	'G',	'2024-02-28 08:48:59.41',	'2024-05-04 15:29:58.947',	'clt43kuhe0000o62lpv61cl9p'),
('clt9wtlx9003ao62l3gyvxlyi',	'Tools',	'Siamese Crocodile',	'4',	'2024-03-08 09:57:38.493',	'2024-05-16 15:29:58.949',	'clt4qroku0005o62llzjbwh8v'),
('clvx9n2ur001vli2h7saegn5c',	'Outdoors',	'New Guinea Freshwater Crocodile',	'm',	'2024-05-15 03:34:35.571',	'2024-05-04 15:29:58.951',	'clvx9gtxf001pli2haazytowr');

DROP TABLE IF EXISTS "Product";
CREATE TABLE "public"."Product" (
    "id" text NOT NULL,
    "name" text NOT NULL,
    "qte" double precision NOT NULL,
    "price" double precision NOT NULL,
    "createdAt" timestamp(3) DEFAULT CURRENT_TIMESTAMP NOT NULL,
    "updatedAt" timestamp(3),
    "ownerId" text NOT NULL,
    "invoiceId" text NOT NULL,
    CONSTRAINT "Product_pkey" PRIMARY KEY ("id")
) WITH (oids = false);

INSERT INTO "Product" ("id", "name", "qte", "price", "createdAt", "updatedAt", "ownerId", "invoiceId") VALUES
('clup96dkn0006qv2hrg0wj4gb',	'Salad',	1,	680,	'2024-04-02 08:19:44.568',	'2024-05-16 15:29:58.922',	'iztvu9ziqfcozg14gmpskwwk',	'clr7siy03000lyjxesm6zqtnc'),
('clup96dkn0007qv2hsp4yq9nk',	'Chicken',	1,	75,	'2024-04-25 08:19:44.568',	'2024-05-26 15:29:58.924',	'iztvu9ziqfcozg14gmpskwwk',	'clr7siy03000lyjxesm6zqtnc'),
('clup97d4m0008qv2hvtahg8p5',	'Shoes',	1,	968,	'2024-04-19 08:20:30.646',	'2024-05-25 15:29:58.926',	'iztvu9ziqfcozg14gmpskwwk',	'clr7sjyi0000ryjxej37hflh7'),
('clup97d4m0009qv2h75r1v6v5',	'Ball',	1,	54,	'2024-04-25 08:20:30.646',	'2024-05-23 15:29:58.928',	'iztvu9ziqfcozg14gmpskwwk',	'clr7sjyi0000ryjxej37hflh7'),
('clup995yr000aqv2hvq408yzo',	'Bike',	1,	395,	'2024-04-20 08:21:54.676',	'2024-05-08 15:29:58.93',	'iztvu9ziqfcozg14gmpskwwk',	'clr7sktw8000xyjxeipv2snat'),
('clt9wv6p0003do62l3j6y0kvs',	'Bike',	1,	354,	'2024-03-02 09:58:52.06',	'2024-05-27 15:29:58.896',	'clt4qroku0005o62llzjbwh8v',	'clt9wv6oh003co62lh9a0he9l'),
('club1s9du0000oz2hf9qvqg0e',	'Towels',	21,	631,	'2024-03-20 09:44:02.179',	'2024-05-13 15:29:58.898',	'iztvu9ziqfcozg14gmpskwwk',	'cluazuied0085o62lcpwzgs41'),
('club1s9du0001oz2hkyxeiewz',	'Sausages',	1,	476,	'2024-03-08 09:44:02.179',	'2024-05-25 15:29:58.9',	'iztvu9ziqfcozg14gmpskwwk',	'cluazuied0085o62lcpwzgs41'),
('club1s9du0002oz2h4ayina0c',	'Fish',	3,	176,	'2024-03-02 09:44:02.179',	'2024-05-07 15:29:58.902',	'iztvu9ziqfcozg14gmpskwwk',	'cluazuied0085o62lcpwzgs41'),
('club1s9du0003oz2hkbctskoo',	'Bike',	1.74,	683,	'2024-03-20 09:44:02.179',	'2024-05-21 15:29:58.904',	'iztvu9ziqfcozg14gmpskwwk',	'cluazuied0085o62lcpwzgs41'),
('clujz3qz60020mx2g43c2604g',	'Tuna',	1,	612,	'2024-04-02 15:38:54.93',	'2024-05-10 15:29:58.906',	'iztvu9ziqfcozg14gmpskwwk',	'clujz3qyx001zmx2gpu6tacro'),
('clujz3qz60021mx2g1oyf4yyc',	'Chicken',	1,	678,	'2024-04-13 15:38:54.93',	'2024-05-13 15:29:58.908',	'iztvu9ziqfcozg14gmpskwwk',	'clujz3qyx001zmx2gpu6tacro'),
('clup93dlu0000qv2h3iuif0nl',	'Tuna',	1,	583,	'2024-04-21 08:17:24.642',	'2024-05-23 15:29:58.91',	'iztvu9ziqfcozg14gmpskwwk',	'clr7sbicv0003yjxevhambp4z'),
('clruax5mv000al82d2lijq9ny',	'Pants',	1,	326,	'2024-01-13 07:08:17.479',	'2024-05-11 15:29:58.879',	'iztvu9ziqfcozg14gmpskwwk',	'clruax5mo0009l82dxfg4219y'),
('clup94jji0002qv2hnbfa8zal',	'Car',	1,	691,	'2024-04-13 08:18:18.991',	'2024-05-13 15:29:58.914',	'iztvu9ziqfcozg14gmpskwwk',	'clr7sg0fj0009yjxen0ib7muj'),
('clup94jji0003qv2htex5ia4l',	'Fish',	1,	910,	'2024-04-23 08:18:18.991',	'2024-05-15 15:29:58.916',	'iztvu9ziqfcozg14gmpskwwk',	'clr7sg0fj0009yjxen0ib7muj'),
('clup95skx0004qv2hmzb2972g',	'Computer',	1,	989,	'2024-04-05 08:19:17.362',	'2024-05-15 15:29:58.918',	'iztvu9ziqfcozg14gmpskwwk',	'clr7shma7000fyjxeg57ublm4'),
('clup95skx0005qv2hzhqfooc0',	'Table',	1,	868,	'2024-04-12 08:19:17.362',	'2024-05-11 15:29:58.92',	'iztvu9ziqfcozg14gmpskwwk',	'clr7shma7000fyjxeg57ublm4'),
('clup995yr000bqv2hgrsc39wl',	'Gloves',	1,	848,	'2024-04-19 08:21:54.676',	'2024-05-15 15:29:58.932',	'iztvu9ziqfcozg14gmpskwwk',	'clr7sktw8000xyjxeipv2snat'),
('clvzcd4420024li2hrai2mhjq',	'Bike',	1,	477,	'2024-05-23 14:26:21.842',	'2024-05-03 15:29:58.933',	'iztvu9ziqfcozg14gmpskwwk',	'clvzcd4360023li2hkhvu31i2'),
('clvzcd4420025li2h65owvtuj',	'Sausages',	1,	450,	'2024-05-09 14:26:21.842',	'2024-05-18 15:29:58.935',	'iztvu9ziqfcozg14gmpskwwk',	'clvzcd4360023li2hkhvu31i2'),
('clr7ss47f002dyjxe4k0jkutt',	'Ball',	1,	20,	'2024-01-01 13:09:33.387',	'2024-05-20 15:29:58.876',	'iztvu9ziqfcozg14gmpskwwk',	'clr7ss478002byjxelif9tdbv'),
('cls4ua0hl002hl82dlfiv9eux',	'Keyboard',	1,	402,	'2024-02-19 16:07:51.801',	'2024-05-14 15:29:58.881',	'iztvu9ziqfcozg14gmpskwwk',	'cls4u98xh002el82dywdc813r'),
('cls4ua0hl002il82dy7ktjxpz',	'Fish',	1,	942,	'2024-02-02 16:07:51.801',	'2024-05-19 15:29:58.883',	'iztvu9ziqfcozg14gmpskwwk',	'cls4u98xh002el82dywdc813r'),
('cls4ua0hl002jl82d6mf2i2yt',	'Shirt',	1,	843,	'2024-02-21 16:07:51.801',	'2024-05-01 15:29:58.884',	'iztvu9ziqfcozg14gmpskwwk',	'cls4u98xh002el82dywdc813r'),
('clt2irr110004nt2hlr9sxi27',	'Salad',	1,	822,	'2024-02-26 05:49:53.941',	'2024-05-06 15:29:58.886',	'iztvu9ziqfcozg14gmpskwwk',	'clt2irr0q0003nt2h1b4r5h3q'),
('clt2jjyiw000lnt2h2zz8sak8',	'Salad',	1,	809,	'2024-02-27 06:11:50.025',	'2024-05-10 15:29:58.888',	'clldntrsd00003l5xw4sfzzln',	'clt2jjyil000knt2h73ndou3x'),
('clt8l8urt002oo62lhqruj4jy',	'Pizza',	1,	305,	'2024-03-26 11:45:48.229',	'2024-05-08 15:29:58.89',	'iztvu9ziqfcozg14gmpskwwk',	'clt8l8ura002no62lsjffdyl3'),
('clt8l8urt002po62l1g4l4axx',	'Cheese',	1,	188,	'2024-03-24 11:45:48.229',	'2024-05-09 15:29:58.892',	'iztvu9ziqfcozg14gmpskwwk',	'clt8l8ura002no62lsjffdyl3'),
('clt8l8urt002qo62lp6xq5nbq',	'Bike',	1,	409,	'2024-03-07 11:45:48.229',	'2024-05-08 15:29:58.894',	'iztvu9ziqfcozg14gmpskwwk',	'clt8l8ura002no62lsjffdyl3'),
('clup93dlu0001qv2hy7htwdzk',	'Soap',	1,	81,	'2024-04-16 08:17:24.642',	'2024-05-22 15:29:58.912',	'iztvu9ziqfcozg14gmpskwwk',	'clr7sbicv0003yjxevhambp4z');

DROP TABLE IF EXISTS "Provider";
CREATE TABLE "public"."Provider" (
    "id" text NOT NULL,
    "name" text NOT NULL,
    "email" text NOT NULL,
    "phone" text,
    "address" text NOT NULL,
    "siren" text,
    "ape" text,
    "nif" text,
    "createdAt" timestamp(3) DEFAULT CURRENT_TIMESTAMP NOT NULL,
    "updatedAt" timestamp(3),
    "ownerId" text NOT NULL,
    CONSTRAINT "Provider_pkey" PRIMARY KEY ("id")
) WITH (oids = false);

INSERT INTO "Provider" ("id", "name", "email", "phone", "address", "siren", "ape", "nif", "createdAt", "updatedAt", "ownerId") VALUES
('clr6rv7mi0001yjjnlvmj4oog',	'Melvin Ward',	'Rosalinda@yopmail.fr',	'871.543.1632',	'vomito somniculosus',	'S',	'16178',	'I',	'2024-01-28 19:56:11.995',	'2024-05-15 15:29:58.866',	'iztvu9ziqfcozg14gmpskwwk'),
('clr906it60003yjkaq7fi2ynz',	'Angie Nienow',	'Coralie@yopmail.fr',	'1-221-997-9103 x1667',	'canto et',	'o',	'62043',	'S',	'2024-01-27 09:24:28.986',	'2024-05-09 15:29:58.869',	'clldntrsd00003l5xw4sfzzln'),
('clt9wvkty003fo62lvpc6tku2',	'Ms. Kristy Lemke Sr.',	'Madie@yopmail.fr',	'(339) 639-3380',	'nam undique',	'F',	'18687',	'N',	'2024-03-02 09:59:10.39',	'2024-05-22 15:29:58.871',	'clt4qroku0005o62llzjbwh8v');

DROP TABLE IF EXISTS "Session";
CREATE TABLE "public"."Session" (
    "id" text NOT NULL,
    "sessionToken" text NOT NULL,
    "userId" text NOT NULL,
    "expires" timestamp(3) NOT NULL,
    CONSTRAINT "Session_pkey" PRIMARY KEY ("id"),
    CONSTRAINT "Session_sessionToken_key" UNIQUE ("sessionToken")
) WITH (oids = false);

INSERT INTO "Session" ("id", "sessionToken", "userId", "expires") VALUES
('clri6mrj70001li2bdrch7wvd',	'71c28f96-a6ae-44d6-b19b-9dcfbd8cdd88',	'iztvu9ziqfcozg14gmpskwwk',	'2024-02-16 19:35:00.066'),
('clri79lvm0005qo2cmpa213xx',	'073d90bc-1c69-4695-939c-5b59c6a8d9be',	'iztvu9ziqfcozg14gmpskwwk',	'2024-02-17 20:25:46.4'),
('clrjpfwue0001qq2b9rvcu27i',	'6ac94aaa-d416-4e5d-80cb-805eb57eb721',	'iztvu9ziqfcozg14gmpskwwk',	'2024-02-17 21:09:19.237'),
('cltyjram5006xo62lupjsw8kf',	'9d6b46eb-2bfa-4bf1-80aa-a14cb03aa90e',	'clldntrsd00003l5xw4sfzzln',	'2024-04-18 15:46:09.915'),
('clvx9gtxk001rli2hk0butk9d',	'876ab81c-4670-4baf-9337-760019c62e21',	'clvx9gtxf001pli2haazytowr',	'2024-06-07 03:29:44.07'),
('clrpuepgy0001l82dtgb45qds',	'8810f6fd-d07a-419b-b6fb-cb6f131507f8',	'iztvu9ziqfcozg14gmpskwwk',	'2024-03-17 16:18:27.264'),
('clubexkc90001mx2gmki9er4s',	'26d2fd01-f149-45cb-9da5-953e2da3f0a3',	'iztvu9ziqfcozg14gmpskwwk',	'2024-06-10 13:40:54.663'),
('clrmau8ae0001rm2b29c77tdj',	'275db667-3e7e-4a29-bd8d-51922768258b',	'iztvu9ziqfcozg14gmpskwwk',	'2024-03-26 17:50:58.133'),
('clt2qaoqa000nnt2hk4lo2vo1',	'dba11211-f50a-46d5-9307-189b67266e7a',	'clldntrsd00003l5xw4sfzzln',	'2024-03-27 09:20:34.734'),
('clt2qp5w0000pnt2hzcs3q6cu',	'0b03fc90-6074-4260-b6a9-f310196101e7',	'clldntrsd00003l5xw4sfzzln',	'2024-03-27 09:31:50.16'),
('clt2vg3n7000snt2ha3p4cwij',	'f55b50de-32a3-464e-a8c5-5ff5cfd95713',	'clt2vg3n1000qnt2hei598cfj',	'2024-03-27 11:44:45.425'),
('clt43kuhn0002o62lgh34tcyg',	'4c0fb266-0d5e-42ac-82c8-38868ad86bdd',	'clt43kuhe0000o62lpv61cl9p',	'2024-03-28 08:20:09.943'),
('clt5hfsg0000ao62l71rah3y4',	'51f0bf05-555e-40ca-97e6-3a1ac71f6bf1',	'clt5hfsf50008o62lvr8y2534',	'2024-03-29 07:35:54.813'),
('clu5jhs3s007vo62lw4721eo2',	'b2a91f85-4a7c-42c5-945b-96ef4396d82e',	'iztvu9ziqfcozg14gmpskwwk',	'2024-06-14 11:24:56.545'),
('clt0iffci0013pi2irn5w9r8f',	'3573c6e7-a8dc-470f-975a-85f2456f84a4',	'iztvu9ziqfcozg14gmpskwwk',	'2024-03-30 15:46:33.471'),
('cls6m6c2n003jl82d9i5hy3rn',	'd1e1c9fd-c4f4-4b69-be63-f8a5204b6786',	'iztvu9ziqfcozg14gmpskwwk',	'2024-05-01 18:20:31.058'),
('clt9wrqok0036o62l48d7y84s',	'1295640f-88a7-48bb-9a72-8afc53ebd219',	'clt4qroku0005o62llzjbwh8v',	'2024-04-01 09:56:11.346'),
('clwrzm2xq0001ql67m3l81kd6',	'812ecfc3-5ed7-476f-a6f9-2b229e3ee8c9',	'iztvu9ziqfcozg14gmpskwwk',	'2024-06-28 15:34:44.317');

DROP TABLE IF EXISTS "Tag";
CREATE TABLE "public"."Tag" (
    "id" text NOT NULL,
    "name" text NOT NULL,
    "userId" text DEFAULT 'iztvu9ziqfcozg14gmpskwwk' NOT NULL,
    "createdAt" timestamp(3) DEFAULT CURRENT_TIMESTAMP NOT NULL,
    "updatedAt" timestamp(3),
    CONSTRAINT "Tag_name_userId_key" UNIQUE ("name", "userId"),
    CONSTRAINT "Tag_pkey" PRIMARY KEY ("id")
) WITH (oids = false);

INSERT INTO "Tag" ("id", "name", "userId", "createdAt", "updatedAt") VALUES
('zptw09h9r1axh22xctpsbsg4',	'note0',	'iztvu9ziqfcozg14gmpskwwk',	'2022-12-17 21:00:00',	'2024-05-23 15:29:58.808'),
('ztwq8b8uuobali40yw2zu1m8',	'compromise1',	'iztvu9ziqfcozg14gmpskwwk',	'2022-12-04 21:00:00',	'2024-05-16 15:29:58.81'),
('cllp45vfb00023l9ko1i9d5yp',	'cultivar2',	'iztvu9ziqfcozg14gmpskwwk',	'2023-08-25 12:02:01.943',	'2024-05-03 15:29:58.812'),
('cllrrtcps00003l4k4iy8oapd',	'fingernail3',	'iztvu9ziqfcozg14gmpskwwk',	'2023-08-18 08:39:40.958',	'2024-05-18 15:29:58.814'),
('cllt5es2300003l806sn6w5q2',	'townhouse4',	'iztvu9ziqfcozg14gmpskwwk',	'2023-08-04 07:48:01.803',	'2024-05-06 15:29:58.816'),
('cllt5l44k00033l80qpp1zd9e',	'vegetarianism5',	'iztvu9ziqfcozg14gmpskwwk',	'2023-08-12 07:52:57.38',	'2024-05-05 15:29:58.818'),
('cllt5od6o00063l80kkibada6',	'arrogance6',	'iztvu9ziqfcozg14gmpskwwk',	'2023-08-03 07:55:29.088',	'2024-05-10 15:29:58.819'),
('cllurv7t000023lyfl52d45h1',	'bump7',	'iztvu9ziqfcozg14gmpskwwk',	'2023-08-20 11:04:26.436',	'2024-05-20 15:29:58.821'),
('cllut2nk200013lfzqiktcvud',	'cloak8',	'iztvu9ziqfcozg14gmpskwwk',	'2023-08-14 11:38:13.059',	'2024-05-04 15:29:58.823'),
('clly93wc50003yjv6efklkd73',	'criterion9',	'clldntrsd00003l5xw4sfzzln',	'2023-08-07 21:30:23.477',	'2024-05-19 15:29:58.824'),
('clm55zdhn0005yju0ehh5upzb',	'larva10',	'clldntrsd00003l5xw4sfzzln',	'2023-09-12 17:37:16.811',	'2024-05-18 15:29:58.826'),
('clpww19l5003nyjfbnqvxnjrw',	'hydrofoil11',	'iztvu9ziqfcozg14gmpskwwk',	'2023-12-05 17:15:28.842',	'2024-05-20 15:29:58.828'),
('clpww2k3w003ryjfbhbmklv2b',	'parsley12',	'iztvu9ziqfcozg14gmpskwwk',	'2023-12-16 17:16:29.133',	'2024-05-09 15:29:58.829'),
('clpww5boz0041yjfbeuvfogjs',	'thunderstorm13',	'iztvu9ziqfcozg14gmpskwwk',	'2023-12-04 17:18:38.196',	'2024-05-08 15:29:58.831'),
('clpww5bp50043yjfbyo1c2p6c',	'talking14',	'iztvu9ziqfcozg14gmpskwwk',	'2023-12-06 17:18:38.201',	'2024-05-16 15:29:58.833'),
('clpww9xi80049yjfb94a8z1j3',	'keystone15',	'iztvu9ziqfcozg14gmpskwwk',	'2023-12-07 17:22:13.088',	'2024-05-25 15:29:58.834'),
('clpwwht8m004lyjfb5z46upz8',	'friction16',	'iztvu9ziqfcozg14gmpskwwk',	'2023-12-09 17:28:20.806',	'2024-05-20 15:29:58.836'),
('clpwx3g2x0051yjfbyo4zusgk',	'thongs17',	'iztvu9ziqfcozg14gmpskwwk',	'2023-12-22 17:45:10.185',	'2024-05-20 15:29:58.838'),
('clpwxwawf008fyjfba02ihpr7',	'tear18',	'iztvu9ziqfcozg14gmpskwwk',	'2023-12-24 18:07:36.495',	'2024-05-01 15:29:58.839'),
('cls365vpu001ml82d5l9j8o7p',	'raffle19',	'iztvu9ziqfcozg14gmpskwwk',	'2024-02-11 12:05:02.034',	'2024-05-22 15:29:58.841'),
('cls3680b9001wl82d09bqz05u',	'nucleotide20',	'iztvu9ziqfcozg14gmpskwwk',	'2024-02-09 12:06:41.301',	'2024-05-09 15:29:58.843'),
('clu2uhitv0077o62l1djjn8br',	'ownership21',	'clldntrsd00003l5xw4sfzzln',	'2024-03-11 15:57:34.483',	'2024-05-04 15:29:58.844'),
('clvq8qgxa001bli2hnbfykwnw',	'dolphin22',	'iztvu9ziqfcozg14gmpskwwk',	'2024-05-11 05:34:50.922',	'2024-05-27 15:29:58.846');

DROP TABLE IF EXISTS "User";
CREATE TABLE "public"."User" (
    "id" text NOT NULL,
    "email" text NOT NULL,
    "name" text,
    "emailVerified" timestamp(3),
    "createdAt" timestamp(3) DEFAULT CURRENT_TIMESTAMP NOT NULL,
    "updatedAt" timestamp(3),
    CONSTRAINT "User_email_key" UNIQUE ("email"),
    CONSTRAINT "User_pkey" PRIMARY KEY ("id")
) WITH (oids = false);

INSERT INTO "User" ("id", "email", "name", "emailVerified", "createdAt", "updatedAt") VALUES
('clt2vg3n1000qnt2hei598cfj',	'Alessandra.OKon@gmail.com',	NULL,	'2024-02-26 11:44:45.401',	'2024-02-18 11:44:45.42',	'2024-05-26 15:29:57.915'),
('clt43kuhe0000o62lpv61cl9p',	'Camilla.Feil42@hotmail.com',	NULL,	'2024-02-27 08:20:09.937',	'2024-02-14 08:20:09.939',	'2024-05-13 15:29:57.92'),
('clt5hfsf50008o62lvr8y2534',	'Dan27@yahoo.com',	NULL,	'2024-02-28 07:35:54.779',	'2024-02-13 07:35:54.78',	'2024-05-12 15:29:57.923'),
('clt5plbqh000ho62lmt0sbg0u',	'Alf.Heidenreich31@yahoo.com',	NULL,	'2024-02-28 11:24:10.022',	'2024-02-19 11:24:10.024',	'2024-05-13 15:29:57.926'),
('clt4qroku0005o62llzjbwh8v',	'Estell20@hotmail.com',	NULL,	'2024-03-02 09:56:11.341',	'2024-02-04 19:09:20.045',	'2024-05-13 15:29:57.929'),
('clldntrsd00003l5xw4sfzzln',	'Lottie32@yahoo.com',	NULL,	'2024-03-22 15:56:23.162',	'2023-08-22 11:39:15.566',	'2024-05-18 15:29:57.932'),
('clvt86af2001mli2hdsty55rr',	'Roscoe58@hotmail.com',	NULL,	'2024-05-05 07:42:27.901',	'2024-05-12 07:42:27.902',	'2024-05-06 15:29:57.937'),
('clvx9gtxf001pli2haazytowr',	'Adelia_Klocko22@yahoo.com',	NULL,	'2024-05-08 03:29:44.067',	'2024-05-25 03:29:44.068',	'2024-05-13 15:29:57.939'),
('iztvu9ziqfcozg14gmpskwwk',	'admin@yopmail.fr',	NULL,	'2024-05-29 15:34:44.312',	'2023-08-08 02:27:07',	'2024-05-24 15:34:44.313');

DROP TABLE IF EXISTS "VerificationToken";
CREATE TABLE "public"."VerificationToken" (
    "identifier" text NOT NULL,
    "token" text NOT NULL,
    "expires" timestamp(3) NOT NULL,
    CONSTRAINT "VerificationToken_identifier_token_key" UNIQUE ("identifier", "token"),
    CONSTRAINT "VerificationToken_token_key" UNIQUE ("token")
) WITH (oids = false);

INSERT INTO "VerificationToken" ("identifier", "token", "expires") VALUES
('test@gmail.com',	'7da77aaa626a92de92f1ce7ed687802620dd8841212d2f471e038324d130b040',	'2024-01-19 08:04:12.565'),
('test@gmail.com',	'31217adabb09544081d4981857b50861384b9fe6ff99252fa0b24e5bede44813',	'2024-01-19 08:04:12.774'),
('mitsikyratefiharison@outlook.fr',	'af630623865350391b26b635d8676d88158be4d82f11749abcef2c372629a974',	'2024-01-23 04:02:35.876'),
('test-test@yopmail.fr',	'df3a75e6d3720e824687038a31b53419922adea03cf74d9e87041d612be9f8b7',	'2024-02-20 06:11:53.968'),
('test-test@yopmail.fr',	'461305c0b969f3726c815712652ac391f5a276a1e6ec55b6e8195fd34bffb8f9',	'2024-02-20 06:12:08.07'),
('test-test@yopmail.fr',	'42c0f0afc1f738ce79123d90423972e6f8cce6a96bfb7f400219a408f6834d54',	'2024-02-27 07:06:14.882'),
('test-test@yopmail.fr',	'13eadd7117b79eb9e22138e539b84ef84dc2861cc5030b88276a34a5c8248e73',	'2024-02-27 08:40:59.66'),
('test-test@yopmail.fr',	'28698395882accf63711cfa4eb9efb504456a0fb333ac6b68dda6016d78167d3',	'2024-02-27 08:41:28.375'),
('test@mail.com',	'f7ad1a5d9ebcae84786d3ef29d876dab2f65c3b677db6fd3b975ec0e30619a6c',	'2024-02-27 08:45:36.558'),
('test-test@yopmail.fr',	'37002133e51f2dcf4ed9e4bfd0a6c577750b6e2eb7b3d4a51ee79d6a088f5fbe',	'2024-02-27 10:48:51.426'),
('email@example.com',	'7e71d0dbe2138fd906d84ad74996378f5ff004733c943f6289a7d1e8ea91ffc5',	'2024-02-27 12:11:33.528'),
('test-test@yopmail.fr',	'8b8a0cecd00591557669b37fe066e1cc3e736874e476e7e9b67f6292b5e07c66',	'2024-02-27 12:12:04.482'),
('test-test@yopmail.fr',	'3abdd0ddc4815fb79befba7fc79efe59c0dcdedfa2279235f97e69ed62e098d6',	'2024-02-27 18:36:53.368'),
('andreaslovatin@gmail.com',	'6affa79b545ca972f933e87848594b755b88257be65f31e2c226154cede25f9c',	'2024-02-28 01:33:55.667'),
('m@h.com',	'3832456c157a8332f9b5678b4d619852050db37185cbfb53cfcd9403e72d0cd4',	'2024-02-28 07:15:58.302'),
('test@gmail.com',	'5ddbb03e0bf4b0595d2feb1f39604eacd2b3b684ad8983efda985ebaee24aebc',	'2024-02-28 08:19:47.119'),
('nomenjanaharyriry@gmail.com',	'154e2839e94568e77da1b1195aed91ee0798b4e532cc5b37ba39ef356174090a',	'2024-02-28 11:54:18.971'),
('rirynomenjanahary@gmail.com',	'70af3f1cbfafe65a8e65c3598d9a88235cab91db0be70e1137c2313cd21533f7',	'2024-02-28 11:55:11.854'),
('raherison.dev@gmail.com',	'd2ee2228d649738bce8ed7d38229f86cc3786d815c0caed7be27b86b637bdd2b',	'2024-02-28 13:07:06.093'),
('test-test@yopmail.fr',	'95b49b4d63c6b40054910408fed0aa9da188500561d82f7d67423758d4e1e642',	'2024-03-03 22:35:35.637'),
('test@gmail.com',	'3fbd831e9e978d1601f0377413ba4b3be32a05d971aef1b21fe6af7098240393',	'2024-04-06 12:51:34.067'),
('offertchrist03@gmail.com',	'b53d2221bd8b6885efbf6ac987d5c37752a1671f357ddd9d00d224e58ca7c032',	'2024-04-06 12:52:20.223'),
('admin@test.com',	'eac24f66374c70bf8cf0429d13866a1ed312cb2b31c7c35919d55185cffe5f9f',	'2024-04-15 12:47:54.776'),
('test-test@yopmail.fr',	'ea1500dd146880d4563d0fe746313397c3b2c171b7c991a05c3a1ad3b6a71858',	'2024-04-16 11:42:31.586'),
('test-test@yopmail.fr',	'c4de7e89010f2dbc221c6acfe54f3d4926094b0f5db1277500f6a6e0cf103e31',	'2024-04-16 11:42:36.523'),
('42720@laposte.net',	'6e7a80b39d0d9c5b4fbc49e1ec426b4f8d413653e546f8abc48f7a6f22e619e4',	'2024-04-16 14:38:19.589'),
('test@est.ts',	'f4d4f83e2622e2fc0cdc6e562a0bf522f85a17ee456dc163a78e43e689fa139a',	'2024-04-16 15:12:05.549'),
('test-test@yopemail.fr',	'cd711329dd89b581e01a17c57c5a78ce2bdf6b290503e3ee80051e18b44ad881',	'2024-04-17 17:35:06.308'),
('test-test@yopmail.fr',	'988a1cc48c13f4533caf4e3b615c3b5076d8b19e9dd3df150957337547c1f525',	'2024-04-22 12:40:50.463'),
('test-test@yopmail.fr',	'd74589bc1d7068e967a7b7e494b7e3dd9bcb33949a06123733a9aa6bde50a1d3',	'2024-05-06 12:21:13.676'),
('rrantoo@gmail.com',	'9363d76ed23357392e1068f3d75aa5a0d3cbd9eb912fc0fc9ea9abdcd9222051',	'2024-05-08 09:13:31.766'),
('admin@yopmail.fr',	'2dd9d9ccb7029f55780ab043db2723daf49f6df59e4cfea34b6d45d962c5d51c',	'2024-05-30 15:33:12.922'),
('admin@yopmail.fr',	'565daf736b6cf098804f033cfd3c7c908800f82904eb4925286482a1335a7b5c',	'2024-05-30 15:33:28.891');

DROP TABLE IF EXISTS "_FinanceToTag";
CREATE TABLE "public"."_FinanceToTag" (
    "A" text NOT NULL,
    "B" text NOT NULL,
    CONSTRAINT "_FinanceToTag_AB_unique" UNIQUE ("A", "B")
) WITH (oids = false);

CREATE INDEX "_FinanceToTag_B_index" ON "public"."_FinanceToTag" USING btree ("B");

INSERT INTO "_FinanceToTag" ("A", "B") VALUES
('yhgn16jumsa6rpyeoj71oq40',	'clpww9xi80049yjfb94a8z1j3'),
('j7gvrulggoczahlqmy6tgd1e',	'clpww9xi80049yjfb94a8z1j3'),
('v69268ri5wm6po76dn7nu29e',	'cllut2nk200013lfzqiktcvud'),
('zwo93c45il4acfaakd0wx1ut',	'clpww9xi80049yjfb94a8z1j3'),
('vvl43rg4g9tl3r4oxlqjpycw',	'clpwx3g2x0051yjfbyo4zusgk'),
('r86zwqa50680kxosuaqxd0el',	'clpww2k3w003ryjfbhbmklv2b'),
('kw1tyajvcwihcqw6ju26402z',	'clpww9xi80049yjfb94a8z1j3'),
('hfgwz9wnzhx5w1ifdbud6trp',	'clpwx3g2x0051yjfbyo4zusgk'),
('ooetvipxqqu4bhebkbutljm8',	'clpww9xi80049yjfb94a8z1j3'),
('rubm9pmfnn891fxw8uzlbxrt',	'clpww5bp50043yjfbyo1c2p6c'),
('wceyqt3d7bp7eme9tr1leshz',	'clpwx3g2x0051yjfbyo4zusgk'),
('a6v20n8v7y29ryhdcp80etjb',	'clpww9xi80049yjfb94a8z1j3'),
('i0k49zcawzguqxkuiey755dq',	'clpww2k3w003ryjfbhbmklv2b'),
('ub2eeoywsh51sn8dabj0nny9',	'clpwx3g2x0051yjfbyo4zusgk'),
('pkgljcnei76sa0s5wmdfr0vf',	'clpww9xi80049yjfb94a8z1j3'),
('h44kmuqsgbaxk6sej23i3ihq',	'clpwwht8m004lyjfb5z46upz8'),
('oabvdp77zvcy4jwfgafpnn5z',	'clpwx3g2x0051yjfbyo4zusgk'),
('o93ohpklehhu42p3u31w5zup',	'clpww5bp50043yjfbyo1c2p6c'),
('rttousn9xjq31m1eo9zhbuvi',	'clpwx3g2x0051yjfbyo4zusgk'),
('e4evjyodrpvcxw7bma1i4375',	'clpwx3g2x0051yjfbyo4zusgk'),
('gumzzhgjno0qiy98np7qmp6k',	'clpwwht8m004lyjfb5z46upz8'),
('zjo7cfc5g7f43i8do0net71f',	'zptw09h9r1axh22xctpsbsg4'),
('jrpkokuuaavlqm843go9wvqb',	'clpww9xi80049yjfb94a8z1j3'),
('juj50lb75vmqjnsjoia6joz4',	'zptw09h9r1axh22xctpsbsg4'),
('q438eu7x3jumrrlfldpq3pv3',	'clpww9xi80049yjfb94a8z1j3'),
('r0i7i8wq3ah3bfpsie2b1lqd',	'cllut2nk200013lfzqiktcvud'),
('ws9eeuxpx7hr0bcol9de1lnh',	'clpww9xi80049yjfb94a8z1j3'),
('r4n8vwua937c3gl3bio96cxf',	'zptw09h9r1axh22xctpsbsg4'),
('gt5m3tkfpbq4kng1hy72bbhl',	'clpwwht8m004lyjfb5z46upz8'),
('zqjerarha6ilcnji5z4785s7',	'clpww5bp50043yjfbyo1c2p6c'),
('eeah0g3i3jedds0wpfgl7r1n',	'clpwx3g2x0051yjfbyo4zusgk'),
('z6w14dxfhq1cj8wkcpmq9wk0',	'clpww9xi80049yjfb94a8z1j3'),
('mlkhaphro4u4vxi68u0xzeyl',	'clpww9xi80049yjfb94a8z1j3'),
('s25vw8hadptdpy1731vseu2b',	'clpww5bp50043yjfbyo1c2p6c'),
('lm067pie1zuc5fb4yqt975yb',	'clpww19l5003nyjfbnqvxnjrw'),
('wq4bexrtpq8wg3p5h44alu26',	'clpwx3g2x0051yjfbyo4zusgk'),
('ovwpahyu60neg0klfxrf1mhk',	'clpww5boz0041yjfbeuvfogjs'),
('ovwpahyu60neg0klfxrf1mhk',	'clpww5bp50043yjfbyo1c2p6c'),
('ebgpvoqnfthttnllp3uncume',	'clpwx3g2x0051yjfbyo4zusgk'),
('xx9ijvxhhdvxxs95xpobxmwu',	'clpwx3g2x0051yjfbyo4zusgk'),
('rehtuct3pv1vaqas0g9acovi',	'clpwx3g2x0051yjfbyo4zusgk'),
('qt03ilkqhiapbbajs91zidqt',	'clpww9xi80049yjfb94a8z1j3'),
('fe5rb6xoyul4wmpyx5dwxjn8',	'clpww2k3w003ryjfbhbmklv2b'),
('zn2iyl81qd6u4bosl8qprfhs',	'clpwx3g2x0051yjfbyo4zusgk'),
('jornr243bw6w684xd4bfbzdt',	'clpwx3g2x0051yjfbyo4zusgk'),
('hzj65bf47e20pugubcc7kymi',	'clpww9xi80049yjfb94a8z1j3'),
('o8az5yp4lmteo12w0y5v5xyd',	'clpww9xi80049yjfb94a8z1j3'),
('dpds8t7gkepblh6kzpuru2e8',	'clpwxwawf008fyjfba02ihpr7'),
('ya3gxfo479qh0o9q725bn0xt',	'clpww2k3w003ryjfbhbmklv2b'),
('erg4ro7zsmmhisp8clp9mvtl',	'clpwxwawf008fyjfba02ihpr7'),
('radflzcbrs9b0x2kxwa7zje3',	'clpww9xi80049yjfb94a8z1j3'),
('ixg7me72h9x4jjdmfg5vdiap',	'clpww9xi80049yjfb94a8z1j3'),
('a0zl7qop3r2a6r078tghbxzk',	'cllut2nk200013lfzqiktcvud'),
('xpswg6pb90efhnre953ct005',	'clpww5bp50043yjfbyo1c2p6c'),
('qywz6d5qjryqwjjsiuox26hb',	'clpwx3g2x0051yjfbyo4zusgk'),
('odqkjb0lu8d9qekag344922f',	'clpwwht8m004lyjfb5z46upz8'),
('g8xnt45lah9ovq0o8bvt7dqr',	'clpww9xi80049yjfb94a8z1j3'),
('kyh154c0bykbnf3ft7sa9hy2',	'clpww9xi80049yjfb94a8z1j3'),
('iell0q84gxm2z411yj12ncq9',	'cllut2nk200013lfzqiktcvud'),
('j9ru61xjt6ql7j2s5tqghhkc',	'clpww5bp50043yjfbyo1c2p6c'),
('yjou8bnp9ii577qhf138as7v',	'clpwx3g2x0051yjfbyo4zusgk'),
('veij09t1o1o9fz2iqz6yolc5',	'zptw09h9r1axh22xctpsbsg4'),
('veij09t1o1o9fz2iqz6yolc5',	'cllut2nk200013lfzqiktcvud'),
('nbdd7vgfh5tw94d6en1glamt',	'ztwq8b8uuobali40yw2zu1m8'),
('nbdd7vgfh5tw94d6en1glamt',	'cllurv7t000023lyfl52d45h1'),
('ct5kjle27t7rgs963ei49ikf',	'ztwq8b8uuobali40yw2zu1m8'),
('ct5kjle27t7rgs963ei49ikf',	'cllurv7t000023lyfl52d45h1'),
('s7c2fo0788l7jxwi1l4rv2py',	'ztwq8b8uuobali40yw2zu1m8'),
('s7c2fo0788l7jxwi1l4rv2py',	'cllurv7t000023lyfl52d45h1'),
('zgnnzlfxfovj438b4p8rnh23',	'ztwq8b8uuobali40yw2zu1m8'),
('zgnnzlfxfovj438b4p8rnh23',	'cllurv7t000023lyfl52d45h1'),
('qaz502puv63vn8uw534cymt9',	'clpww5boz0041yjfbeuvfogjs'),
('qaz502puv63vn8uw534cymt9',	'clpww5bp50043yjfbyo1c2p6c'),
('h7ohsfs2g4xveasnecqc1lbz',	'ztwq8b8uuobali40yw2zu1m8'),
('h7ohsfs2g4xveasnecqc1lbz',	'cllurv7t000023lyfl52d45h1'),
('i7zqefu5srd5poyrx1jryuo6',	'ztwq8b8uuobali40yw2zu1m8'),
('i7zqefu5srd5poyrx1jryuo6',	'cllurv7t000023lyfl52d45h1'),
('m5r09w24a3ggaxu3o8o1a6kt',	'ztwq8b8uuobali40yw2zu1m8'),
('m5r09w24a3ggaxu3o8o1a6kt',	'cllurv7t000023lyfl52d45h1'),
('vhr77w4jg84p5avpaj5amhbt',	'ztwq8b8uuobali40yw2zu1m8'),
('vhr77w4jg84p5avpaj5amhbt',	'cllurv7t000023lyfl52d45h1'),
('pmv9xgtso3ulkzuh7pjlopqz',	'ztwq8b8uuobali40yw2zu1m8'),
('pmv9xgtso3ulkzuh7pjlopqz',	'cllurv7t000023lyfl52d45h1'),
('y4b9e8tbc5l4o8421zy1k4n5',	'ztwq8b8uuobali40yw2zu1m8'),
('y4b9e8tbc5l4o8421zy1k4n5',	'cllurv7t000023lyfl52d45h1'),
('phpobvsxpubuiq1431xcghwk',	'clpww5bp50043yjfbyo1c2p6c'),
('g56papcxec3g7pvlkm9wbn5m',	'cllut2nk200013lfzqiktcvud'),
('cs8s8f1smad09nt33pfd9al5',	'clpww9xi80049yjfb94a8z1j3'),
('rbcxvun0vqd3m4r48cxk72zo',	'clpww9xi80049yjfb94a8z1j3'),
('piwircbqxkwrbqrk0i2paeze',	'clpwx3g2x0051yjfbyo4zusgk'),
('cllus1hul000e3lyfw4fifijr',	'clpww2k3w003ryjfbhbmklv2b'),
('cllus3o2n000i3lyfjslgbcr6',	'ztwq8b8uuobali40yw2zu1m8'),
('cllus3o2n000i3lyfjslgbcr6',	'cllurv7t000023lyfl52d45h1'),
('cllus9ijn000k3lyf56gpr25q',	'clpww9xi80049yjfb94a8z1j3'),
('cllusetc4000m3lyfefyyeaeh',	'clpwwht8m004lyjfb5z46upz8'),
('cllushwuo000o3lyf0hjpjfuc',	'clpww2k3w003ryjfbhbmklv2b'),
('cllut606100053lfzixbn7sq6',	'zptw09h9r1axh22xctpsbsg4'),
('cllut606100053lfzixbn7sq6',	'cllut2nk200013lfzqiktcvud'),
('cllv8j8p200013ln64njqoqjp',	'clpwwht8m004lyjfb5z46upz8'),
('cllwqbijg00033lae2yxvwele',	'ztwq8b8uuobali40yw2zu1m8'),
('cllwqbijg00033lae2yxvwele',	'cllurv7t000023lyfl52d45h1'),
('cllwqcf5w00073laer9gubwdz',	'ztwq8b8uuobali40yw2zu1m8'),
('cllwqcf5w00073laer9gubwdz',	'cllurv7t000023lyfl52d45h1'),
('cllyvxq3m0007yj468k60gui2',	'ztwq8b8uuobali40yw2zu1m8'),
('cllyvxq3m0007yj468k60gui2',	'cllurv7t000023lyfl52d45h1'),
('cllyvyawu0009yj46twi02d6x',	'clpww9xi80049yjfb94a8z1j3'),
('clm4ouzdj000dyj46nrtcgsbl',	'cllut2nk200013lfzqiktcvud'),
('clm4owvf7000fyj46o7ryuexb',	'clpww5boz0041yjfbeuvfogjs'),
('clm4owvf7000fyj46o7ryuexb',	'clpww5bp50043yjfbyo1c2p6c'),
('clm4oxh5w000hyj46bqz9eyg7',	'clpww5bp50043yjfbyo1c2p6c'),
('clm58c89i000hyju096e7mfla',	'ztwq8b8uuobali40yw2zu1m8'),
('clm58c89i000hyju096e7mfla',	'cllurv7t000023lyfl52d45h1'),
('clm58dnbr000jyju0ijqd3xwp',	'clpww9xi80049yjfb94a8z1j3'),
('clm58efqj000lyju0h5aqz1lr',	'clpww9xi80049yjfb94a8z1j3'),
('clm58hhr9000nyju0spg64srr',	'clpww9xi80049yjfb94a8z1j3'),
('clm58im6w000pyju0r7q00uzl',	'clpww9xi80049yjfb94a8z1j3'),
('clm58n1vb000ryju0wc2bm1jx',	'clpww2k3w003ryjfbhbmklv2b'),
('clm9h8b6f0011yju0cysiiq34',	'ztwq8b8uuobali40yw2zu1m8'),
('clm9h8b6f0011yju0cysiiq34',	'cllurv7t000023lyfl52d45h1'),
('clm9h92ji0017yju0358qss7l',	'ztwq8b8uuobali40yw2zu1m8'),
('clm9h92ji0017yju0358qss7l',	'cllurv7t000023lyfl52d45h1'),
('clmek1meg0019yju0yvoey00l',	'clpwx3g2x0051yjfbyo4zusgk'),
('clmgk6mp5001fyju03l1erbq1',	'ztwq8b8uuobali40yw2zu1m8'),
('clmgk6mp5001fyju03l1erbq1',	'cllurv7t000023lyfl52d45h1'),
('clmgk78t0001lyju0l6invofs',	'ztwq8b8uuobali40yw2zu1m8'),
('clmgk78t0001lyju0l6invofs',	'cllurv7t000023lyfl52d45h1'),
('clmhbcnbw001pyju0ofzghox5',	'zptw09h9r1axh22xctpsbsg4'),
('clmhberq5001ryju0qb6h1yza',	'clpww9xi80049yjfb94a8z1j3'),
('clmkbybfd001xyju048fjkw25',	'zptw09h9r1axh22xctpsbsg4'),
('clmkbybfd001xyju048fjkw25',	'cllut2nk200013lfzqiktcvud'),
('clmoz0f3m0023yju074wy2w4e',	'ztwq8b8uuobali40yw2zu1m8'),
('clmoz0f3m0023yju074wy2w4e',	'cllurv7t000023lyfl52d45h1'),
('clmoz13zy0029yju0auudtstf',	'ztwq8b8uuobali40yw2zu1m8'),
('clmoz13zy0029yju0auudtstf',	'cllurv7t000023lyfl52d45h1'),
('cloa2yrqs000pyj960jsfqudz',	'clpww9xi80049yjfb94a8z1j3'),
('cloaauw5a000vyj96vmgihq7q',	'ztwq8b8uuobali40yw2zu1m8'),
('cloaauw5a000vyj96vmgihq7q',	'cllurv7t000023lyfl52d45h1'),
('clocr891f000xyj96lfwcc6gl',	'clpww9xi80049yjfb94a8z1j3'),
('clocr8jm1000zyj96nz864pp2',	'clpww9xi80049yjfb94a8z1j3'),
('clocre0xk0015yj96q4air469',	'ztwq8b8uuobali40yw2zu1m8'),
('clocre0xk0015yj96q4air469',	'cllurv7t000023lyfl52d45h1'),
('cloemjayf0003yjfbm4eq3gcu',	'clpwx3g2x0051yjfbyo4zusgk'),
('clohb6eb20005yjfbbfgzbcam',	'cllut2nk200013lfzqiktcvud'),
('clok5ly7j000byjfb6wi7bkpt',	'ztwq8b8uuobali40yw2zu1m8'),
('clok5ly7j000byjfb6wi7bkpt',	'cllurv7t000023lyfl52d45h1'),
('clok5mnrd000hyjfbiecdg3km',	'ztwq8b8uuobali40yw2zu1m8'),
('clok5mnrd000hyjfbiecdg3km',	'cllurv7t000023lyfl52d45h1'),
('cloobzly3000jyjfbiz6t3kqs',	'clpwx3g2x0051yjfbyo4zusgk'),
('clopy4zzj000lyjfb1jxeq3pp',	'clpww9xi80049yjfb94a8z1j3'),
('clopy5nhd000nyjfbsjvgusy8',	'clpww9xi80049yjfb94a8z1j3'),
('closfrd1x000pyjfbgj0w5gar',	'clpwx3g2x0051yjfbyo4zusgk'),
('clotrx5tt000ryjfbpylmqza6',	'clpwwht8m004lyjfb5z46upz8'),
('cloujxu4r000tyjfbf6jlsgd1',	'clpww9xi80049yjfb94a8z1j3'),
('cloykzvkz000zyjfblghedp3v',	'ztwq8b8uuobali40yw2zu1m8'),
('cloykzvkz000zyjfblghedp3v',	'cllurv7t000023lyfl52d45h1'),
('cloyl0cg90015yjfbd9simy29',	'ztwq8b8uuobali40yw2zu1m8'),
('cloyl0cg90015yjfbd9simy29',	'cllurv7t000023lyfl52d45h1'),
('clozewni8001byjfbl1147upx',	'zptw09h9r1axh22xctpsbsg4'),
('clozewni8001byjfbl1147upx',	'cllut2nk200013lfzqiktcvud'),
('clp3kuj0a001dyjfbcbtncgzq',	'clpww9xi80049yjfb94a8z1j3'),
('clpcvbtmv001lyjfbi3qhkisn',	'ztwq8b8uuobali40yw2zu1m8'),
('clpcvbtmv001lyjfbi3qhkisn',	'cllurv7t000023lyfl52d45h1'),
('clpcvcmkx001nyjfbtslpfgou',	'clpwwht8m004lyjfb5z46upz8'),
('clmsssjqv002byju0qp50w3ql',	'clpww9xi80049yjfb94a8z1j3'),
('clmuw3bfu002hyju0b7t89spr',	'ztwq8b8uuobali40yw2zu1m8'),
('clmuw3bfu002hyju0b7t89spr',	'cllurv7t000023lyfl52d45h1'),
('clmuw4haq002nyju0psp3jlqh',	'ztwq8b8uuobali40yw2zu1m8'),
('clmuw4haq002nyju0psp3jlqh',	'cllurv7t000023lyfl52d45h1'),
('clmwhvo0c002ryju05vtd2gus',	'clpww9xi80049yjfb94a8z1j3'),
('clmwig5rx002vyju0l10ce805',	'zptw09h9r1axh22xctpsbsg4'),
('clmxe5ps7002xyju089nu7ur8',	'clpww9xi80049yjfb94a8z1j3'),
('clmxqedlu0033yju09twbsolo',	'ztwq8b8uuobali40yw2zu1m8'),
('clmxqedlu0033yju09twbsolo',	'cllurv7t000023lyfl52d45h1'),
('cln1bacp70035yju0ot5ktiw8',	'clpww9xi80049yjfb94a8z1j3'),
('cln4vkelt003byju0lhryo5d2',	'ztwq8b8uuobali40yw2zu1m8'),
('cln4vkelt003byju0lhryo5d2',	'cllurv7t000023lyfl52d45h1'),
('cln4vl8jl003hyju0lmm6s3ek',	'ztwq8b8uuobali40yw2zu1m8'),
('cln4vl8jl003hyju0lmm6s3ek',	'cllurv7t000023lyfl52d45h1'),
('cln76l5e0003pyju00vy5z8z1',	'zptw09h9r1axh22xctpsbsg4'),
('clnakvpwv0009yjc8o8johtpj',	'ztwq8b8uuobali40yw2zu1m8'),
('clnakvpwv0009yjc8o8johtpj',	'cllurv7t000023lyfl52d45h1'),
('clnakwbs9000fyjc8l6600hu5',	'ztwq8b8uuobali40yw2zu1m8'),
('clnakwbs9000fyjc8l6600hu5',	'cllurv7t000023lyfl52d45h1'),
('clnildjor000nyjc8u42tb921',	'ztwq8b8uuobali40yw2zu1m8'),
('clnildjor000nyjc8u42tb921',	'cllurv7t000023lyfl52d45h1'),
('clnile1zd000pyjc8631xj983',	'clpww5bp50043yjfbyo1c2p6c'),
('clnilffsy000ryjc8ylw9kxjk',	'clpww9xi80049yjfb94a8z1j3'),
('clnilfye0000vyjc8ouid3m9r',	'zptw09h9r1axh22xctpsbsg4'),
('clnilgfeg000xyjc85msw8uu5',	'clpww2k3w003ryjfbhbmklv2b'),
('clnnj0lyd0013yjc8anpkv02w',	'clpww2k3w003ryjfbhbmklv2b'),
('clno9jfzn0015yjc8zzygls9a',	'clpwx3g2x0051yjfbyo4zusgk'),
('clnoec9ve0017yjc808qquv1w',	'clpwx3g2x0051yjfbyo4zusgk'),
('clnr8zcri0009yj1gdradiqqb',	'ztwq8b8uuobali40yw2zu1m8'),
('clnr8zcri0009yj1gdradiqqb',	'cllurv7t000023lyfl52d45h1'),
('clnra595t000fyj1gv57cvbui',	'zptw09h9r1axh22xctpsbsg4'),
('clnra595t000fyj1gv57cvbui',	'cllut2nk200013lfzqiktcvud'),
('clntx55zt000lyj1guz8mlm99',	'ztwq8b8uuobali40yw2zu1m8'),
('clntx55zt000lyj1guz8mlm99',	'cllurv7t000023lyfl52d45h1'),
('clnxcpovw0003yj66lndoyrsw',	'clpwwht8m004lyjfb5z46upz8'),
('clo35an3v0005yj969gjjjla3',	'ztwq8b8uuobali40yw2zu1m8'),
('clo35an3v0005yj969gjjjla3',	'cllurv7t000023lyfl52d45h1'),
('clo35bg1i000byj96j93d3amm',	'ztwq8b8uuobali40yw2zu1m8'),
('clo35bg1i000byj96j93d3amm',	'cllurv7t000023lyfl52d45h1'),
('clo8nxbb5000dyj96mlfl7q9v',	'clpww2k3w003ryjfbhbmklv2b'),
('clo8nycky000fyj96ay2xxjc7',	'clpwx3g2x0051yjfbyo4zusgk'),
('clo8o4c0x000hyj96muef6cfu',	'clpww9xi80049yjfb94a8z1j3'),
('clo8wd9un000nyj967j13jqgf',	'ztwq8b8uuobali40yw2zu1m8'),
('clo8wd9un000nyj967j13jqgf',	'cllurv7t000023lyfl52d45h1'),
('clpcveg3q001pyjfbugpjp5hd',	'clpww9xi80049yjfb94a8z1j3'),
('clpcvlxxg001ryjfbhwldtzgl',	'clpwwht8m004lyjfb5z46upz8'),
('clpekjfl9001xyjfbcp6h2wwq',	'ztwq8b8uuobali40yw2zu1m8'),
('clpekjfl9001xyjfbcp6h2wwq',	'cllurv7t000023lyfl52d45h1'),
('clpekk0aq001zyjfb4qb70xzw',	'clpwwht8m004lyjfb5z46upz8'),
('clpmai8lf0021yjfbirdm5o1o',	'clpww9xi80049yjfb94a8z1j3'),
('clpmaj6bi0023yjfbqkqi2l8a',	'clpww9xi80049yjfb94a8z1j3'),
('clpmajqfg0025yjfb276f36cf',	'clpww2k3w003ryjfbhbmklv2b'),
('clpmak7mc002byjfbkryv239h',	'ztwq8b8uuobali40yw2zu1m8'),
('clpmak7mc002byjfbkryv239h',	'cllurv7t000023lyfl52d45h1'),
('clpmakpq8002dyjfbo6r40ukt',	'cllut2nk200013lfzqiktcvud'),
('clpmo48vi002nyjfb8esus5sk',	'cllp45vfb00023l9ko1i9d5yp'),
('clpple0ip002xyjfbf7vvl73o',	'clpww9xi80049yjfb94a8z1j3'),
('clpr1tqa7002zyjfbl1wc4p3y',	'clpww19l5003nyjfbnqvxnjrw'),
('clpr1tqa7002zyjfbl1wc4p3y',	'clpww2k3w003ryjfbhbmklv2b'),
('clptwybto0033yjfbuyvmnwl5',	'clpww9xi80049yjfb94a8z1j3'),
('clptyoneb0035yjfb2s8s55vd',	'clpww5boz0041yjfbeuvfogjs'),
('clptyoneb0035yjfb2s8s55vd',	'clpww5bp50043yjfbyo1c2p6c'),
('clpur1amn0037yjfbwwtdwt7r',	'clpww2k3w003ryjfbhbmklv2b'),
('clpuxe7l90039yjfbr51mccad',	'clpww2k3w003ryjfbhbmklv2b'),
('clpw799yc003byjfbvx4fb2vh',	'clpww2k3w003ryjfbhbmklv2b'),
('clpwvu4yz003dyjfbkr9nw98q',	'clpww19l5003nyjfbnqvxnjrw'),
('clpwvu4yz003dyjfbkr9nw98q',	'clpww2k3w003ryjfbhbmklv2b'),
('clpwvuncs003fyjfb2vzs5u48',	'clpww19l5003nyjfbnqvxnjrw'),
('clpwvuncs003fyjfb2vzs5u48',	'clpww2k3w003ryjfbhbmklv2b'),
('clpwvvq2x003lyjfbnj7vli6v',	'ztwq8b8uuobali40yw2zu1m8'),
('clpwvvq2x003lyjfbnj7vli6v',	'cllurv7t000023lyfl52d45h1'),
('clpxn307d00b3yjfbnxsz948r',	'clpww9xi80049yjfb94a8z1j3'),
('clpybjtog00b9yjfblcrjxtn5',	'ztwq8b8uuobali40yw2zu1m8'),
('clpybjtog00b9yjfblcrjxtn5',	'cllurv7t000023lyfl52d45h1'),
('clpz0aez000bdyjfb04t9zg0t',	'clpww9xi80049yjfb94a8z1j3'),
('clq0xfo8z00bhyjfbe1gjcw6m',	'clpwx3g2x0051yjfbyo4zusgk'),
('clq0xh45i00blyjfbm8la1idm',	'clpwx3g2x0051yjfbyo4zusgk'),
('clq0xxi5s00bpyjfbjmzxk9qa',	'clpww9xi80049yjfb94a8z1j3'),
('clq0xxu9100btyjfbar2hz4vu',	'clpwwht8m004lyjfb5z46upz8'),
('clq15k6ky00bzyjfbckskf1be',	'ztwq8b8uuobali40yw2zu1m8'),
('clq15k6ky00bzyjfbckskf1be',	'cllurv7t000023lyfl52d45h1'),
('clq42u5p000c5yjfbqg6ntdhz',	'ztwq8b8uuobali40yw2zu1m8'),
('clq42u5p000c5yjfbqg6ntdhz',	'cllurv7t000023lyfl52d45h1'),
('clq42uur900c9yjfbqu6hhvkg',	'clpww2k3w003ryjfbhbmklv2b'),
('clq5eyx1300cdyjfb6g1wll60',	'clpww2k3w003ryjfbhbmklv2b'),
('clq5f0tzn00cjyjfbxlfzz14l',	'clpwwht8m004lyjfb5z46upz8'),
('clq6z172100cnyjfbqaqnra5x',	'clpwwht8m004lyjfb5z46upz8'),
('clq6z5eoj00ctyjfb21nviefe',	'zptw09h9r1axh22xctpsbsg4'),
('clq6z5eoj00ctyjfb21nviefe',	'cllut2nk200013lfzqiktcvud'),
('clq6z5w5q00cxyjfbd3vihmba',	'clpwx3g2x0051yjfbyo4zusgk'),
('clq93tcco00d1yjfbfjeittx1',	'clpwwht8m004lyjfb5z46upz8'),
('clq9gtv5000d5yjfbcfqkxeut',	'clpww9xi80049yjfb94a8z1j3'),
('clqburfek00ddyjfbc77yzva2',	'ztwq8b8uuobali40yw2zu1m8'),
('clqburfek00ddyjfbc77yzva2',	'cllurv7t000023lyfl52d45h1'),
('clqcj121i00dhyjfbduxaorpg',	'clpww2k3w003ryjfbhbmklv2b'),
('clqcj1oke00dnyjfb13qfcpfd',	'clpww9xi80049yjfb94a8z1j3'),
('clqdz676b00dtyjfb0bx2hp1p',	'ztwq8b8uuobali40yw2zu1m8'),
('clqdz676b00dtyjfb0bx2hp1p',	'cllurv7t000023lyfl52d45h1'),
('clqe37e8i00dxyjfb46v62l5h',	'clpww2k3w003ryjfbhbmklv2b'),
('clqhyrohj00e1yjfbf93vlrmk',	'clpww2k3w003ryjfbhbmklv2b'),
('clqhys8cd00e5yjfbww2344wy',	'clpww2k3w003ryjfbhbmklv2b'),
('clqj14noc00e9yjfbd6531l9k',	'clpww2k3w003ryjfbhbmklv2b'),
('clqkqvukd00edyjfby685ipiw',	'clpww9xi80049yjfb94a8z1j3'),
('clqkqw5ac00ehyjfb1jp6w9du',	'clpww9xi80049yjfb94a8z1j3'),
('clql3gc1x00enyjfbk2qezteq',	'ztwq8b8uuobali40yw2zu1m8'),
('clql3gc1x00enyjfbk2qezteq',	'cllurv7t000023lyfl52d45h1'),
('clqnb34e300eryjfbtvdnuwph',	'clpww2k3w003ryjfbhbmklv2b'),
('clqnb3i6z00exyjfbzfbzjhs0',	'ztwq8b8uuobali40yw2zu1m8'),
('clqnb3i6z00exyjfbzfbzjhs0',	'cllurv7t000023lyfl52d45h1'),
('clqnybq6m00f7yjfbh6d459pf',	'ztwq8b8uuobali40yw2zu1m8'),
('clqnybq6m00f7yjfbh6d459pf',	'cllurv7t000023lyfl52d45h1'),
('clqnycvd800fdyjfb9fmozuml',	'ztwq8b8uuobali40yw2zu1m8'),
('clqnycvd800fdyjfb9fmozuml',	'cllurv7t000023lyfl52d45h1'),
('clqpe0jnv00fjyjfb1amtp8o0',	'ztwq8b8uuobali40yw2zu1m8'),
('clqpe0jnv00fjyjfb1amtp8o0',	'cllurv7t000023lyfl52d45h1'),
('clqpe4ibo00fnyjfb9pachiib',	'clpww9xi80049yjfb94a8z1j3'),
('clqpe724e00fryjfbk7c48req',	'clpww2k3w003ryjfbhbmklv2b'),
('clqpexos400g1yjfb8wmwyuvh',	'clpww19l5003nyjfbnqvxnjrw'),
('clqpexos400g1yjfb8wmwyuvh',	'clpww2k3w003ryjfbhbmklv2b'),
('clqrm8tyw00g5yjfbwnp7biae',	'clpww9xi80049yjfb94a8z1j3'),
('clqrqgd5l00gbyjfbmoe3o76e',	'clpww5boz0041yjfbeuvfogjs'),
('clqrqgd5l00gbyjfbmoe3o76e',	'clpww5bp50043yjfbyo1c2p6c'),
('clqrqhqxk00gfyjfb2odo8wtw',	'clpww9xi80049yjfb94a8z1j3'),
('clqrqi8pj00gjyjfbpbcqx2wd',	'clpww9xi80049yjfb94a8z1j3'),
('clqta7bpj0003yjrz6xw7oqe8',	'cllut2nk200013lfzqiktcvud'),
('clqta8zrz0007yjrzu243x34x',	'clpww9xi80049yjfb94a8z1j3'),
('clqugw3n3000byjrzqjxrb5lx',	'clpww9xi80049yjfb94a8z1j3'),
('clqv0q4wm000fyjrz23l3qy20',	'clpww9xi80049yjfb94a8z1j3'),
('clqvvuimf000jyjrz1b58ntb5',	'clpww2k3w003ryjfbhbmklv2b'),
('clqw60ts7000nyjrz6zew28th',	'clpww2k3w003ryjfbhbmklv2b'),
('clqwjga6w000vyjrzrycj4zfn',	'ztwq8b8uuobali40yw2zu1m8'),
('clqwjga6w000vyjrzrycj4zfn',	'cllurv7t000023lyfl52d45h1'),
('clqwjhjbo000zyjrzz8b28rvg',	'clpww9xi80049yjfb94a8z1j3'),
('clqwjhyad0015yjrznkkqs80j',	'ztwq8b8uuobali40yw2zu1m8'),
('clqwjhyad0015yjrznkkqs80j',	'cllurv7t000023lyfl52d45h1'),
('clqwjmzow0019yjrzzkycsdjb',	'clpww9xi80049yjfb94a8z1j3'),
('clqy4gau30003yjy0jtx8kg6r',	'clpww9xi80049yjfb94a8z1j3'),
('clr58m3nq000hyjy0gn8jjoqu',	'ztwq8b8uuobali40yw2zu1m8'),
('clr58m3nq000hyjy0gn8jjoqu',	'cllurv7t000023lyfl52d45h1'),
('clr58mm1t000nyjy0io6v19st',	'ztwq8b8uuobali40yw2zu1m8'),
('clr58mm1t000nyjy0io6v19st',	'cllurv7t000023lyfl52d45h1'),
('clr6nqrj2000tyjy08k15vxau',	'ztwq8b8uuobali40yw2zu1m8'),
('clr6nqrj2000tyjy08k15vxau',	'cllurv7t000023lyfl52d45h1'),
('clr6nr1nz000xyjy005zwtodi',	'clpwwht8m004lyjfb5z46upz8'),
('clrblz7140009yje611l8y2oq',	'clpwx3g2x0051yjfbyo4zusgk'),
('clrblznw6000fyje6xiys1wd8',	'zptw09h9r1axh22xctpsbsg4'),
('clrblznw6000fyje6xiys1wd8',	'cllut2nk200013lfzqiktcvud'),
('clreg22ev000lyje6oejy2r3o',	'ztwq8b8uuobali40yw2zu1m8'),
('clreg22ev000lyje6oejy2r3o',	'cllurv7t000023lyfl52d45h1'),
('clreg2w0a000ryje60a1p2a4u',	'ztwq8b8uuobali40yw2zu1m8'),
('clreg2w0a000ryje60a1p2a4u',	'cllurv7t000023lyfl52d45h1'),
('clrfzbite000xyje679mz5vf7',	'ztwq8b8uuobali40yw2zu1m8'),
('clrfzbite000xyje679mz5vf7',	'cllurv7t000023lyfl52d45h1'),
('clrgozzvq0013yje692k25bej',	'ztwq8b8uuobali40yw2zu1m8'),
('clrgozzvq0013yje692k25bej',	'cllurv7t000023lyfl52d45h1'),
('clri12ero0017yje69wuvodrs',	'clpww9xi80049yjfb94a8z1j3'),
('clrkyj4tp0003t12c8wx0kzvu',	'clpww9xi80049yjfb94a8z1j3'),
('clrkyjfzk0007t12cnn94t00j',	'clpww9xi80049yjfb94a8z1j3'),
('clrmaw22a0005rm2byx6mawut',	'zptw09h9r1axh22xctpsbsg4'),
('clrnippph0009rm2bgw10fpgc',	'clpww9xi80049yjfb94a8z1j3'),
('clrpugalj0005l82dzhdqjr4e',	'clpww9xi80049yjfb94a8z1j3'),
('clrw4bw42000gl82d61p92bj9',	'ztwq8b8uuobali40yw2zu1m8'),
('clrw4bw42000gl82d61p92bj9',	'cllurv7t000023lyfl52d45h1'),
('clrw4clg5000ml82ds6r2wjjo',	'ztwq8b8uuobali40yw2zu1m8'),
('clrw4clg5000ml82ds6r2wjjo',	'cllurv7t000023lyfl52d45h1'),
('clrz4jw9y000sl82d3ed52njc',	'ztwq8b8uuobali40yw2zu1m8'),
('clrz4jw9y000sl82d3ed52njc',	'cllurv7t000023lyfl52d45h1'),
('clrz4lfko000wl82dj6whnexz',	'clpww9xi80049yjfb94a8z1j3'),
('cls0v0c5e0010l82dyxic1ioc',	'clpww9xi80049yjfb94a8z1j3'),
('cls2404h70014l82d8eisme46',	'clpww9xi80049yjfb94a8z1j3'),
('cls241mxt0018l82dwx5acfl3',	'clpww9xi80049yjfb94a8z1j3'),
('cls245hu0001cl82d8rwhd5dg',	'clpww9xi80049yjfb94a8z1j3'),
('cls362ui2001il82dvr7s8wdt',	'cllut2nk200013lfzqiktcvud'),
('cls363ojc001kl82dl85akuir',	'cls365vpu001ml82d5l9j8o7p'),
('cls363ojc001kl82dl85akuir',	'clpww5bp50043yjfbyo1c2p6c'),
('clqnm00lf00f1yjfb0ev5nhk1',	'clpww5bp50043yjfbyo1c2p6c'),
('clqnm00lf00f1yjfb0ev5nhk1',	'cls365vpu001ml82d5l9j8o7p'),
('clnaa8d4k0001yjc848j6uxlw',	'clpww5bp50043yjfbyo1c2p6c'),
('clnaa8d4k0001yjc848j6uxlw',	'cls3680b9001wl82d09bqz05u'),
('clm4oxh5w000hyj46bqz9eyg7',	'cls3680b9001wl82d09bqz05u'),
('phpobvsxpubuiq1431xcghwk',	'cls3680b9001wl82d09bqz05u'),
('j9ru61xjt6ql7j2s5tqghhkc',	'cls3680b9001wl82d09bqz05u'),
('xpswg6pb90efhnre953ct005',	'cls3680b9001wl82d09bqz05u'),
('s25vw8hadptdpy1731vseu2b',	'cls3680b9001wl82d09bqz05u'),
('o93ohpklehhu42p3u31w5zup',	'cls3680b9001wl82d09bqz05u'),
('zqjerarha6ilcnji5z4785s7',	'cls3680b9001wl82d09bqz05u'),
('rubm9pmfnn891fxw8uzlbxrt',	'cls3680b9001wl82d09bqz05u'),
('cls63lbq0002nl82d3kmpmhw7',	'clpww9xi80049yjfb94a8z1j3'),
('cls63mg8k002tl82dsgtnu503',	'clpww5boz0041yjfbeuvfogjs'),
('cls63mg8k002tl82dsgtnu503',	'clpww5bp50043yjfbyo1c2p6c'),
('cls63mw8z002xl82dbqnyw5t7',	'clpww2k3w003ryjfbhbmklv2b'),
('cls63uyq50031l82dyn6ag5na',	'clpww9xi80049yjfb94a8z1j3'),
('cls644cfz0035l82dpqxw3jnb',	'clpww9xi80049yjfb94a8z1j3'),
('cls646k0w003bl82dqogi0a65',	'clpww19l5003nyjfbnqvxnjrw'),
('cls646k0w003bl82dqogi0a65',	'clpww2k3w003ryjfbhbmklv2b'),
('cls649l4y003fl82dnyectfuc',	'clpww9xi80049yjfb94a8z1j3'),
('cls6m73co003pl82d9m50gfk6',	'ztwq8b8uuobali40yw2zu1m8'),
('cls6m73co003pl82d9m50gfk6',	'cllurv7t000023lyfl52d45h1'),
('cls6m7igl003vl82dve3aqvo4',	'ztwq8b8uuobali40yw2zu1m8'),
('cls6m7igl003vl82dve3aqvo4',	'cllurv7t000023lyfl52d45h1'),
('cls92vrec0041l82dbeex5bff',	'ztwq8b8uuobali40yw2zu1m8'),
('cls92vrec0041l82dbeex5bff',	'cllurv7t000023lyfl52d45h1'),
('clsb98f3x0045l82dpqyjqmrc',	'clpww9xi80049yjfb94a8z1j3'),
('clsco8wux004dl82d3qy3tp2i',	'clpww9xi80049yjfb94a8z1j3'),
('clsdl7gxj004hl82d4f9yzv4k',	'clpwwht8m004lyjfb5z46upz8'),
('clsdl7s30004nl82d4u6jccjo',	'ztwq8b8uuobali40yw2zu1m8'),
('clsdl7s30004nl82d4u6jccjo',	'cllurv7t000023lyfl52d45h1'),
('clsetr6py004rl82d2pko5n68',	'clpww9xi80049yjfb94a8z1j3'),
('clsett4q7004xl82dic58co7v',	'ztwq8b8uuobali40yw2zu1m8'),
('clsett4q7004xl82dic58co7v',	'cllurv7t000023lyfl52d45h1'),
('clsfo5f7b0053l82d9e73pct5',	'ztwq8b8uuobali40yw2zu1m8'),
('clsfo5f7b0053l82d9e73pct5',	'cllurv7t000023lyfl52d45h1'),
('clsjfzpu70057l82d5lduif4h',	'clpww9xi80049yjfb94a8z1j3'),
('clsjg19nb005bl82d0afbahkb',	'clpwwht8m004lyjfb5z46upz8'),
('clsjg1io9005fl82dusea77mu',	'clpww9xi80049yjfb94a8z1j3'),
('clsmb4wuf005ll82d9axo9190',	'ztwq8b8uuobali40yw2zu1m8'),
('clsmb4wuf005ll82d9axo9190',	'cllurv7t000023lyfl52d45h1'),
('clsmb6o08005pl82d9p2bwn1t',	'clpwx3g2x0051yjfbyo4zusgk'),
('clsouuz310003o22b4sd8wgpw',	'clpww9xi80049yjfb94a8z1j3'),
('clspmd6xo0009o22b7bc0jg6c',	'zptw09h9r1axh22xctpsbsg4'),
('clspmd6xo0009o22b7bc0jg6c',	'cllut2nk200013lfzqiktcvud'),
('clstegdh20005o62h58igmpem',	'clpww9xi80049yjfb94a8z1j3'),
('clsupme6j0005pi2i9pao5lna',	'zptw09h9r1axh22xctpsbsg4'),
('clsupme6j0005pi2i9pao5lna',	'clpww9xi80049yjfb94a8z1j3'),
('clsupmtyx0009pi2iq87rrt8r',	'clpww9xi80049yjfb94a8z1j3'),
('clsw1yvdv000fpi2iu6b93529',	'ztwq8b8uuobali40yw2zu1m8'),
('clsw1yvdv000fpi2iu6b93529',	'cllurv7t000023lyfl52d45h1'),
('clsw1zaiw000lpi2iwd9jjuny',	'ztwq8b8uuobali40yw2zu1m8'),
('clsw1zaiw000lpi2iwd9jjuny',	'cllurv7t000023lyfl52d45h1'),
('clsw1zqqs000ppi2ijrs0p215',	'clpww9xi80049yjfb94a8z1j3'),
('clsxdp0ae000vpi2ixhi6qh2h',	'ztwq8b8uuobali40yw2zu1m8'),
('clsxdp0ae000vpi2ixhi6qh2h',	'cllurv7t000023lyfl52d45h1'),
('clsxdpcj00011pi2i9n268xvi',	'clpww19l5003nyjfbnqvxnjrw'),
('clsxdpcj00011pi2i9n268xvi',	'clpww2k3w003ryjfbhbmklv2b'),
('clt0ihmim0017pi2iqod13l1c',	'clpww9xi80049yjfb94a8z1j3'),
('clt0ijdrw001bpi2ipkxozwpi',	'clpww9xi80049yjfb94a8z1j3'),
('clt1t4agf001fpi2i92ti681v',	'clpww9xi80049yjfb94a8z1j3'),
('clt5xh6xb000ro62lxh8m60zh',	'clpww9xi80049yjfb94a8z1j3'),
('clt5xjngj000xo62lbokploed',	'clpww5bp50043yjfbyo1c2p6c'),
('clt5xjngj000xo62lbokploed',	'cls365vpu001ml82d5l9j8o7p'),
('clt5xqpwj0011o62lp2couyj7',	'clpww9xi80049yjfb94a8z1j3'),
('clt5yhf9i001fo62lxi5gwzqd',	'ztwq8b8uuobali40yw2zu1m8'),
('clt5yhf9i001fo62lxi5gwzqd',	'cllurv7t000023lyfl52d45h1'),
('clt5yl7sk001no62l5uehf6uk',	'clpww19l5003nyjfbnqvxnjrw'),
('clt5yl7sk001no62l5uehf6uk',	'clpww2k3w003ryjfbhbmklv2b'),
('clt7eflii001vo62l735qjk4u',	'ztwq8b8uuobali40yw2zu1m8'),
('clt7eflii001vo62l735qjk4u',	'cllurv7t000023lyfl52d45h1'),
('clt7egmxf0021o62l9cjl5dhp',	'ztwq8b8uuobali40yw2zu1m8'),
('clt7egmxf0021o62l9cjl5dhp',	'cllurv7t000023lyfl52d45h1'),
('clt7h4bls0025o62lsyifdjfx',	'clpww9xi80049yjfb94a8z1j3'),
('clt7h4pgh0029o62lwsaeoq70',	'clpww9xi80049yjfb94a8z1j3'),
('clt85b3ot002fo62le2tqc6ru',	'ztwq8b8uuobali40yw2zu1m8'),
('clt85b3ot002fo62le2tqc6ru',	'cllurv7t000023lyfl52d45h1'),
('clt8idvn9002jo62la45dcr1d',	'cllut2nk200013lfzqiktcvud'),
('clt9v7uue002wo62lc31aohw0',	'clpww5boz0041yjfbeuvfogjs'),
('clt9v7uue002wo62lc31aohw0',	'clpww5bp50043yjfbyo1c2p6c'),
('clta65ksd003lo62l2ctshk78',	'clpww9xi80049yjfb94a8z1j3'),
('clta6ivl8003ro62l5r20iohk',	'ztwq8b8uuobali40yw2zu1m8'),
('clta6ivl8003ro62l5r20iohk',	'cllurv7t000023lyfl52d45h1'),
('clta6pc7y003vo62lrqqoq98w',	'clpww9xi80049yjfb94a8z1j3'),
('clta64wdl003ho62ln8bmo6bh',	'ztwq8b8uuobali40yw2zu1m8'),
('clta64wdl003ho62ln8bmo6bh',	'cllurv7t000023lyfl52d45h1'),
('clt9v95hx0034o62l9vs9ui00',	'ztwq8b8uuobali40yw2zu1m8'),
('clt9v95hx0034o62l9vs9ui00',	'cllurv7t000023lyfl52d45h1'),
('cltd4mc0g004bo62l2lmg9e4l',	'ztwq8b8uuobali40yw2zu1m8'),
('cltd4mc0g004bo62l2lmg9e4l',	'cllurv7t000023lyfl52d45h1'),
('cltduubwj004ho62l1cfvn0i0',	'ztwq8b8uuobali40yw2zu1m8'),
('cltduubwj004ho62l1cfvn0i0',	'cllurv7t000023lyfl52d45h1'),
('cltisgi22004ro62ln4w6f06t',	'ztwq8b8uuobali40yw2zu1m8'),
('cltisgi22004ro62ln4w6f06t',	'cllurv7t000023lyfl52d45h1'),
('cltisgqsi004vo62lm5iw30dx',	'clpww9xi80049yjfb94a8z1j3'),
('cltjjfp14004zo62l617tn3hp',	'clpww9xi80049yjfb94a8z1j3'),
('cltk47kwk0055o62lhuc886vq',	'ztwq8b8uuobali40yw2zu1m8'),
('cltk47kwk0055o62lhuc886vq',	'cllurv7t000023lyfl52d45h1'),
('cltk47ti8005bo62l0jh6pvsu',	'ztwq8b8uuobali40yw2zu1m8'),
('cltk47ti8005bo62l0jh6pvsu',	'cllurv7t000023lyfl52d45h1'),
('cltljt52g005ho62lmulfsvpw',	'ztwq8b8uuobali40yw2zu1m8'),
('cltljt52g005ho62lmulfsvpw',	'cllurv7t000023lyfl52d45h1'),
('cltljuhxj005lo62l0pkahnzq',	'clpww9xi80049yjfb94a8z1j3'),
('cltn46uv3005ro62lixq2tcuq',	'ztwq8b8uuobali40yw2zu1m8'),
('cltn46uv3005ro62lixq2tcuq',	'cllurv7t000023lyfl52d45h1'),
('cltoiczaw005vo62l5vyprx53',	'clpwx3g2x0051yjfbyo4zusgk'),
('cltsem4ez0063o62la7cbgqej',	'clpww19l5003nyjfbnqvxnjrw'),
('cltsem4ez0063o62la7cbgqej',	'clpww9xi80049yjfb94a8z1j3'),
('cltsenxh30069o62loxxll1n8',	'zptw09h9r1axh22xctpsbsg4'),
('cltsenxh30069o62loxxll1n8',	'cllut2nk200013lfzqiktcvud'),
('cltvj6mfz006fo62l6lcpqo4k',	'clpww9xi80049yjfb94a8z1j3'),
('cltxqfot9006lo62lxy1q0zm8',	'ztwq8b8uuobali40yw2zu1m8'),
('cltxqfot9006lo62lxy1q0zm8',	'cllurv7t000023lyfl52d45h1'),
('cltxqfy6n006ro62lhlwdzv6r',	'ztwq8b8uuobali40yw2zu1m8'),
('cltxqfy6n006ro62lhlwdzv6r',	'cllurv7t000023lyfl52d45h1'),
('cltxvruag006vo62lwgoma9ko',	'clpww9xi80049yjfb94a8z1j3'),
('clu1ihkwq0073o62lwzuhy2ls',	'clpww9xi80049yjfb94a8z1j3'),
('clt2jff5g000ent2h7t98nan1',	'clu2uhitv0077o62l1djjn8br'),
('clu3zcdpy007fo62llmudnes4',	'clpww9xi80049yjfb94a8z1j3'),
('clu3zf576007lo62l1j9he7jj',	'ztwq8b8uuobali40yw2zu1m8'),
('clu3zf576007lo62l1j9he7jj',	'cllurv7t000023lyfl52d45h1'),
('clu3zi3o6007po62ld5ckjgpx',	'clpww9xi80049yjfb94a8z1j3'),
('clu46ogni007to62l0c6gaf2k',	'clpww9xi80049yjfb94a8z1j3'),
('clu5jqmjj0081o62lwqo1n54f',	'clpww9xi80049yjfb94a8z1j3'),
('clubezlqt0007mx2gekfwtjrg',	'clpww5bp50043yjfbyo1c2p6c'),
('clubezlqt0007mx2gekfwtjrg',	'cls365vpu001ml82d5l9j8o7p'),
('cluc3xvmv000dmx2gqacda7cs',	'ztwq8b8uuobali40yw2zu1m8'),
('cluc3xvmv000dmx2gqacda7cs',	'cllurv7t000023lyfl52d45h1'),
('cluc3y5o0000hmx2g7yerog57',	'clpwwht8m004lyjfb5z46upz8'),
('clucljljz000lmx2gamk7gjsm',	'cllut2nk200013lfzqiktcvud'),
('clud2wq9t000rmx2gxsdjm6hd',	'ztwq8b8uuobali40yw2zu1m8'),
('clud2wq9t000rmx2gxsdjm6hd',	'cllurv7t000023lyfl52d45h1'),
('clud2x32y000vmx2gmot4jju7',	'clpww9xi80049yjfb94a8z1j3'),
('cluha264l000zmx2g70qvplkm',	'clpww9xi80049yjfb94a8z1j3'),
('cluhu2ks70013mx2gz43u0rnq',	'clpww9xi80049yjfb94a8z1j3'),
('cluhu7kwy001bmx2gdx1er325',	'clpww9xi80049yjfb94a8z1j3'),
('clujxy8bm001hmx2g7o6dii4w',	'ztwq8b8uuobali40yw2zu1m8'),
('clujxy8bm001hmx2g7o6dii4w',	'cllurv7t000023lyfl52d45h1'),
('clujy0qmm001nmx2gs6xrs2q5',	'ztwq8b8uuobali40yw2zu1m8'),
('clujy0qmm001nmx2gs6xrs2q5',	'cllurv7t000023lyfl52d45h1'),
('clujy6c27001tmx2g8pxst8th',	'ztwq8b8uuobali40yw2zu1m8'),
('clujy6c27001tmx2g8pxst8th',	'cllurv7t000023lyfl52d45h1'),
('clujy9jwk001vmx2gaeu3u5ei',	'clpww9xi80049yjfb94a8z1j3'),
('clul2ij5u0027mx2glcudr1ng',	'clpww5boz0041yjfbeuvfogjs'),
('clul2ij5u0027mx2glcudr1ng',	'clpww5bp50043yjfbyo1c2p6c'),
('clul2k2tn002bmx2g5kdeu3pm',	'clpww9xi80049yjfb94a8z1j3'),
('clunzju3p002fmx2gnomiccui',	'clpww9xi80049yjfb94a8z1j3'),
('cluo6e7b4002jmx2gcwh786zp',	'clpww2k3w003ryjfbhbmklv2b'),
('clup63ijb002nmx2g4j0cz4oq',	'clpww9xi80049yjfb94a8z1j3'),
('clur34ifc000hqv2h3w2oz020',	'clpww9xi80049yjfb94a8z1j3'),
('clur34sse000nqv2h0b8ek0s5',	'ztwq8b8uuobali40yw2zu1m8'),
('clur34sse000nqv2h0b8ek0s5',	'cllurv7t000023lyfl52d45h1'),
('clutywzko000vqv2hzmufo2j5',	'clpww19l5003nyjfbnqvxnjrw'),
('clutywzko000vqv2hzmufo2j5',	'clpww2k3w003ryjfbhbmklv2b'),
('clutyyydf000zqv2hvtxq1lpx',	'clpww9xi80049yjfb94a8z1j3'),
('cluve8wuh0017qv2h9w2xkau5',	'ztwq8b8uuobali40yw2zu1m8'),
('cluve8wuh0017qv2h9w2xkau5',	'cllurv7t000023lyfl52d45h1'),
('cluve95ul001bqv2hx0ez4no3',	'clpww9xi80049yjfb94a8z1j3'),
('cluxm4nzi001fqv2hens62eng',	'clpww9xi80049yjfb94a8z1j3'),
('cluxm4z55001jqv2hc189r8de',	'clpww9xi80049yjfb94a8z1j3'),
('cluy860rr001nqv2h2a6gmcdf',	'clpww9xi80049yjfb94a8z1j3'),
('cluyim9zp001rqv2hag0dgf5v',	'clpwx3g2x0051yjfbyo4zusgk'),
('cluyimwiv001xqv2h5yq45m0n',	'zptw09h9r1axh22xctpsbsg4'),
('cluyimwiv001xqv2h5yq45m0n',	'cllut2nk200013lfzqiktcvud'),
('clv13a1ma0003li2h3zw6df1i',	'clpww9xi80049yjfb94a8z1j3'),
('clv3cp0bz0009li2hgo3e2241',	'ztwq8b8uuobali40yw2zu1m8'),
('clv3cp0bz0009li2hgo3e2241',	'cllurv7t000023lyfl52d45h1'),
('clv5f4p6z000fli2h3ucll239',	'ztwq8b8uuobali40yw2zu1m8'),
('clv5f4p6z000fli2h3ucll239',	'cllurv7t000023lyfl52d45h1'),
('clv7o92vh000jli2h1n234x7q',	'clpww9xi80049yjfb94a8z1j3'),
('clvb28bnc000nli2h60p4lnxl',	'clpww9xi80049yjfb94a8z1j3'),
('clvb8jogq000tli2hjpy9957f',	'ztwq8b8uuobali40yw2zu1m8'),
('clvb8jogq000tli2hjpy9957f',	'cllurv7t000023lyfl52d45h1'),
('clvcizesg000xli2hwsnuurrq',	'clpww9xi80049yjfb94a8z1j3'),
('clvfep13b0013li2hu75fhqt9',	'ztwq8b8uuobali40yw2zu1m8'),
('clvfep13b0013li2hu75fhqt9',	'cllurv7t000023lyfl52d45h1'),
('clvgdbey60017li2hbsld9fc2',	'clpww9xi80049yjfb94a8z1j3'),
('clvhtlsg60003li2h9f3eqz0q',	'clpww9xi80049yjfb94a8z1j3'),
('clvktavlx0009li2h8sssik76',	'ztwq8b8uuobali40yw2zu1m8'),
('clvktavlx0009li2h8sssik76',	'cllurv7t000023lyfl52d45h1'),
('clvktb4p6000fli2hl2la7ni2',	'ztwq8b8uuobali40yw2zu1m8'),
('clvktb4p6000fli2hl2la7ni2',	'cllurv7t000023lyfl52d45h1'),
('clvl4b256000lli2hpq4advdb',	'clpww9xi80049yjfb94a8z1j3'),
('clvl4bcm9000rli2h88b9eqhv',	'ztwq8b8uuobali40yw2zu1m8'),
('clvl4bcm9000rli2h88b9eqhv',	'cllurv7t000023lyfl52d45h1'),
('clvl4vxwm000vli2h09obupv5',	'clpww9xi80049yjfb94a8z1j3'),
('clvmj9obu0011li2h3h2fujjd',	'ztwq8b8uuobali40yw2zu1m8'),
('clvmj9obu0011li2h3h2fujjd',	'cllurv7t000023lyfl52d45h1'),
('clvni3ruz0013li2h1cr93hj4',	'cllut2nk200013lfzqiktcvud'),
('clvnkivjs0019li2huqpbpexk',	'clpww9xi80049yjfb94a8z1j3'),
('clvq8qgyd001dli2h3hh7znyz',	'clvq8qgxa001bli2hnbfykwnw'),
('clvqea0dt001jli2he3vwl16s',	'ztwq8b8uuobali40yw2zu1m8'),
('clvqea0dt001jli2he3vwl16s',	'cllurv7t000023lyfl52d45h1'),
('clvxyn9ak0021li2hrrrz14ye',	'ztwq8b8uuobali40yw2zu1m8'),
('clvxyn9ak0021li2hrrrz14ye',	'cllurv7t000023lyfl52d45h1'),
('clw0deks60003pe2h3lmcn2qq',	'clpwx3g2x0051yjfbyo4zusgk'),
('clw0dgp3r0007pe2h2kh4l1rv',	'clpww9xi80049yjfb94a8z1j3'),
('clw1qdx3a000dpe2ho9air49p',	'clpww5boz0041yjfbeuvfogjs'),
('clw1qdx3a000dpe2ho9air49p',	'clpww5bp50043yjfbyo1c2p6c'),
('clw1qe8gd000hpe2h4latfi40',	'clpww9xi80049yjfb94a8z1j3'),
('clw1qewxo000lpe2hry34rxbm',	'clpww9xi80049yjfb94a8z1j3'),
('clw1qfol2000rpe2hx65ybl4l',	'clpww19l5003nyjfbnqvxnjrw');

DROP TABLE IF EXISTS "_prisma_migrations";
CREATE TABLE "public"."_prisma_migrations" (
    "id" character varying(36) NOT NULL,
    "checksum" character varying(64) NOT NULL,
    "finished_at" timestamptz,
    "migration_name" character varying(255) NOT NULL,
    "logs" text,
    "rolled_back_at" timestamptz,
    "started_at" timestamptz DEFAULT now() NOT NULL,
    "applied_steps_count" integer DEFAULT '0' NOT NULL,
    CONSTRAINT "_prisma_migrations_pkey" PRIMARY KEY ("id")
) WITH (oids = false);

INSERT INTO "_prisma_migrations" ("id", "checksum", "finished_at", "migration_name", "logs", "rolled_back_at", "started_at", "applied_steps_count") VALUES
('1371e2b6-7926-4a8d-89f7-04e3dadddfb6',	'c45bb4c2603e9959a6651cdabe35b49ebb9d5325d91cacd1000a8ae0f0bd155f',	'2024-01-17 19:31:15.23682+00',	'20240116152522_initial',	NULL,	NULL,	'2024-01-17 19:31:15.152012+00',	1),
('c743befa-8861-4a46-af5c-a26a781ad715',	'dda4eecc458a4474427717d2ec586c8e7f859cb41f8e023143367e99ff0cb386',	'2024-03-28 09:43:18.763067+00',	'20240328090246_quantity_to_float',	NULL,	NULL,	'2024-03-28 09:43:18.588348+00',	1);

ALTER TABLE ONLY "public"."Account" ADD CONSTRAINT "Account_userId_fkey" FOREIGN KEY ("userId") REFERENCES "User"(id) ON UPDATE CASCADE ON DELETE CASCADE NOT DEFERRABLE;

ALTER TABLE ONLY "public"."Client" ADD CONSTRAINT "Client_ownerId_fkey" FOREIGN KEY ("ownerId") REFERENCES "User"(id) ON UPDATE CASCADE ON DELETE RESTRICT NOT DEFERRABLE;

ALTER TABLE ONLY "public"."Finance" ADD CONSTRAINT "Finance_userId_fkey" FOREIGN KEY ("userId") REFERENCES "User"(id) ON UPDATE CASCADE ON DELETE SET NULL NOT DEFERRABLE;

ALTER TABLE ONLY "public"."Invoice" ADD CONSTRAINT "Invoice_clientId_fkey" FOREIGN KEY ("clientId") REFERENCES "Client"(id) ON UPDATE CASCADE ON DELETE RESTRICT NOT DEFERRABLE;
ALTER TABLE ONLY "public"."Invoice" ADD CONSTRAINT "Invoice_ownerId_fkey" FOREIGN KEY ("ownerId") REFERENCES "User"(id) ON UPDATE CASCADE ON DELETE RESTRICT NOT DEFERRABLE;
ALTER TABLE ONLY "public"."Invoice" ADD CONSTRAINT "Invoice_paymentModeId_fkey" FOREIGN KEY ("paymentModeId") REFERENCES "PaymentMode"(id) ON UPDATE CASCADE ON DELETE RESTRICT NOT DEFERRABLE;

ALTER TABLE ONLY "public"."PaymentMode" ADD CONSTRAINT "PaymentMode_onwerId_fkey" FOREIGN KEY ("onwerId") REFERENCES "User"(id) ON UPDATE CASCADE ON DELETE RESTRICT NOT DEFERRABLE;

ALTER TABLE ONLY "public"."Product" ADD CONSTRAINT "Product_invoiceId_fkey" FOREIGN KEY ("invoiceId") REFERENCES "Invoice"(id) ON UPDATE CASCADE ON DELETE CASCADE NOT DEFERRABLE;
ALTER TABLE ONLY "public"."Product" ADD CONSTRAINT "Product_ownerId_fkey" FOREIGN KEY ("ownerId") REFERENCES "User"(id) ON UPDATE CASCADE ON DELETE RESTRICT NOT DEFERRABLE;

ALTER TABLE ONLY "public"."Provider" ADD CONSTRAINT "Provider_ownerId_fkey" FOREIGN KEY ("ownerId") REFERENCES "User"(id) ON UPDATE CASCADE ON DELETE RESTRICT NOT DEFERRABLE;

ALTER TABLE ONLY "public"."Session" ADD CONSTRAINT "Session_userId_fkey" FOREIGN KEY ("userId") REFERENCES "User"(id) ON UPDATE CASCADE ON DELETE CASCADE NOT DEFERRABLE;

ALTER TABLE ONLY "public"."Tag" ADD CONSTRAINT "Tag_userId_fkey" FOREIGN KEY ("userId") REFERENCES "User"(id) ON UPDATE CASCADE ON DELETE RESTRICT NOT DEFERRABLE;

ALTER TABLE ONLY "public"."_FinanceToTag" ADD CONSTRAINT "_FinanceToTag_A_fkey" FOREIGN KEY ("A") REFERENCES "Finance"(id) ON UPDATE CASCADE ON DELETE CASCADE NOT DEFERRABLE;
ALTER TABLE ONLY "public"."_FinanceToTag" ADD CONSTRAINT "_FinanceToTag_B_fkey" FOREIGN KEY ("B") REFERENCES "Tag"(id) ON UPDATE CASCADE ON DELETE CASCADE NOT DEFERRABLE;

-- 2024-05-29 15:51:08.415416+00
